month,ppi_value,article_count,avg_sentiment,negative_share,avg_title_len,unique_sources,kw_semiconductor,kw_supply_chain,kw_shortage,kw_tariff,kw_memory,kw_nand,kw_dram,kw_ssd,kw_ram,kw_electronics,kw_ai_demand,ppi_pct_change,ppi_lag_1,ppi_pct_change_lag_1,ppi_ma_3,ppi_std_3,target_pct_change_next_month,target_class
1985-03-01,100.9,0.0,0.0,0.0,0.0,0.0,0.0,0.0,0.0,0.0,0.0,0.0,0.0,0.0,0.0,0.0,0.0,0.09920634920634885,100.8,0.29850746268655914,100.43333333333334,0.40414518843273517,-0.29732408325074955,low
1985-04-01,100.6,0.0,0.0,0.0,0.0,0.0,0.0,0.0,0.0,0.0,0.0,0.0,0.0,0.0,0.0,0.0,0.0,-0.29732408325074955,100.9,0.09920634920634885,100.73333333333333,0.20816659994660316,-0.497017892644136,low
1985-05-01,100.1,0.0,0.0,0.0,0.0,0.0,0.0,0.0,0.0,0.0,0.0,0.0,0.0,0.0,0.0,0.0,0.0,-0.497017892644136,100.6,-0.29732408325074955,100.76666666666667,0.15275252316518448,0.0,medium
1985-06-01,100.1,0.0,0.0,0.0,0.0,0.0,0.0,0.0,0.0,0.0,0.0,0.0,0.0,0.0,0.0,0.0,0.0,0.0,100.1,-0.497017892644136,100.53333333333332,0.40414518843273733,0.29970029970030065,high
1985-07-01,100.4,0.0,0.0,0.0,0.0,0.0,0.0,0.0,0.0,0.0,0.0,0.0,0.0,0.0,0.0,0.0,0.0,0.29970029970030065,100.1,0.0,100.26666666666667,0.28867513459480576,0.09960159362549792,high
1985-08-01,100.5,0.0,0.0,0.0,0.0,0.0,0.0,0.0,0.0,0.0,0.0,0.0,0.0,0.0,0.0,0.0,0.0,0.09960159362549792,100.4,0.29970029970030065,100.19999999999999,0.17320508075688376,0.0,medium
1985-09-01,100.5,0.0,0.0,0.0,0.0,0.0,0.0,0.0,0.0,0.0,0.0,0.0,0.0,0.0,0.0,0.0,0.0,0.0,100.5,0.09960159362549792,100.33333333333333,0.2081665999466092,0.0,medium
1985-10-01,100.5,0.0,0.0,0.0,0.0,0.0,0.0,0.0,0.0,0.0,0.0,0.0,0.0,0.0,0.0,0.0,0.0,0.0,100.5,0.0,100.46666666666665,0.05773502691895642,0.09950248756218638,high
1985-11-01,100.6,0.0,0.0,0.0,0.0,0.0,0.0,0.0,0.0,0.0,0.0,0.0,0.0,0.0,0.0,0.0,0.0,0.09950248756218638,100.5,0.0,100.5,0.0,0.19880715705766772,high
1985-12-01,100.8,0.0,0.0,0.0,0.0,0.0,0.0,0.0,0.0,0.0,0.0,0.0,0.0,0.0,0.0,0.0,0.0,0.19880715705766772,100.6,0.09950248756218638,100.53333333333335,0.05773502691898514,0.5952380952380931,high
1986-01-01,101.4,0.0,0.0,0.0,0.0,0.0,0.0,0.0,0.0,0.0,0.0,0.0,0.0,0.0,0.0,0.0,0.0,0.5952380952380931,100.8,0.19880715705766772,100.63333333333333,0.15275252316521126,0.19723865877709912,high
1986-02-01,101.6,0.0,0.0,0.0,0.0,0.0,0.0,0.0,0.0,0.0,0.0,0.0,0.0,0.0,0.0,0.0,0.0,0.19723865877709912,101.4,0.5952380952380931,100.93333333333334,0.41633319989324596,0.19685039370078705,high
1986-03-01,101.8,0.0,0.0,0.0,0.0,0.0,0.0,0.0,0.0,0.0,0.0,0.0,0.0,0.0,0.0,0.0,0.0,0.19685039370078705,101.6,0.19723865877709912,101.26666666666665,0.41633319989324596,0.19646365422396617,high
1986-04-01,102.0,0.0,0.0,0.0,0.0,0.0,0.0,0.0,0.0,0.0,0.0,0.0,0.0,0.0,0.0,0.0,0.0,0.19646365422396617,101.8,0.19685039370078705,101.60000000000001,0.2000000000000375,0.09803921568627416,high
1986-05-01,102.1,0.0,0.0,0.0,0.0,0.0,0.0,0.0,0.0,0.0,0.0,0.0,0.0,0.0,0.0,0.0,0.0,0.09803921568627416,102.0,0.19646365422396617,101.8,0.20000000000004994,0.19588638589618235,high
1986-06-01,102.3,0.0,0.0,0.0,0.0,0.0,0.0,0.0,0.0,0.0,0.0,0.0,0.0,0.0,0.0,0.0,0.0,0.19588638589618235,102.1,0.09803921568627416,101.96666666666665,0.15275252316524998,0.4887585532746819,high
1986-07-01,102.8,0.0,0.0,0.0,0.0,0.0,0.0,0.0,0.0,0.0,0.0,0.0,0.0,0.0,0.0,0.0,0.0,0.4887585532746819,102.3,0.19588638589618235,102.13333333333333,0.1527525231652364,-0.09727626459143934,medium
1986-08-01,102.7,0.0,0.0,0.0,0.0,0.0,0.0,0.0,0.0,0.0,0.0,0.0,0.0,0.0,0.0,0.0,0.0,-0.09727626459143934,102.8,0.4887585532746819,102.39999999999999,0.36055512754640506,0.3894839337877265,high
1986-09-01,103.1,0.0,0.0,0.0,0.0,0.0,0.0,0.0,0.0,0.0,0.0,0.0,0.0,0.0,0.0,0.0,0.0,0.3894839337877265,102.7,-0.09727626459143934,102.60000000000001,0.26457513110645614,0.09699321047527132,high
1986-10-01,103.2,0.0,0.0,0.0,0.0,0.0,0.0,0.0,0.0,0.0,0.0,0.0,0.0,0.0,0.0,0.0,0.0,0.09699321047527132,103.1,0.3894839337877265,102.86666666666667,0.20816659994658612,-0.09689922480621282,medium
1986-11-01,103.1,0.0,0.0,0.0,0.0,0.0,0.0,0.0,0.0,0.0,0.0,0.0,0.0,0.0,0.0,0.0,0.0,-0.09689922480621282,103.2,0.09699321047527132,103.0,0.26457513110643643,0.09699321047527132,high
1986-12-01,103.2,0.0,0.0,0.0,0.0,0.0,0.0,0.0,0.0,0.0,0.0,0.0,0.0,0.0,0.0,0.0,0.0,0.09699321047527132,103.1,-0.09689922480621282,103.13333333333333,0.05773502691886507,-0.19379844961240345,low
1987-01-01,103.0,0.0,0.0,0.0,0.0,0.0,0.0,0.0,0.0,0.0,0.0,0.0,0.0,0.0,0.0,0.0,0.0,-0.19379844961240345,103.2,0.09699321047527132,103.16666666666667,0.05773502691885994,0.0,medium
1987-02-01,103.0,0.0,0.0,0.0,0.0,0.0,0.0,0.0,0.0,0.0,0.0,0.0,0.0,0.0,0.0,0.0,0.0,0.0,103.0,-0.19379844961240345,103.10000000000001,0.09999999999994584,-0.2912621359223322,low
1987-03-01,102.7,0.0,0.0,0.0,0.0,0.0,0.0,0.0,0.0,0.0,0.0,0.0,0.0,0.0,0.0,0.0,0.0,-0.2912621359223322,103.0,0.0,103.06666666666666,0.11547005383788378,-0.19474196689386325,low
1987-04-01,102.5,0.0,0.0,0.0,0.0,0.0,0.0,0.0,0.0,0.0,0.0,0.0,0.0,0.0,0.0,0.0,0.0,-0.19474196689386325,102.7,-0.2912621359223322,102.89999999999999,0.17320508075686905,-0.29268292682926855,low
1987-05-01,102.2,0.0,0.0,0.0,0.0,0.0,0.0,0.0,0.0,0.0,0.0,0.0,0.0,0.0,0.0,0.0,0.0,-0.29268292682926855,102.5,-0.19474196689386325,102.73333333333333,0.25166114784234944,0.0,medium
1987-06-01,102.2,0.0,0.0,0.0,0.0,0.0,0.0,0.0,0.0,0.0,0.0,0.0,0.0,0.0,0.0,0.0,0.0,0.0,102.2,-0.29268292682926855,102.46666666666665,0.25166114784234567,0.3913894324853118,high
1987-07-01,102.6,0.0,0.0,0.0,0.0,0.0,0.0,0.0,0.0,0.0,0.0,0.0,0.0,0.0,0.0,0.0,0.0,0.3913894324853118,102.2,0.0,102.30000000000001,0.17320508075686353,0.0,medium
1987-08-01,102.6,0.0,0.0,0.0,0.0,0.0,0.0,0.0,0.0,0.0,0.0,0.0,0.0,0.0,0.0,0.0,0.0,0.0,102.6,0.3913894324853118,102.33333333333333,0.23094010767583,-0.09746588693956282,medium
1987-09-01,102.5,0.0,0.0,0.0,0.0,0.0,0.0,0.0,0.0,0.0,0.0,0.0,0.0,0.0,0.0,0.0,0.0,-0.09746588693956282,102.6,0.0,102.46666666666665,0.23094010767583514,0.19512195121951237,high
1987-10-01,102.7,0.0,0.0,0.0,0.0,0.0,0.0,0.0,0.0,0.0,0.0,0.0,0.0,0.0,0.0,0.0,0.0,0.19512195121951237,102.5,-0.09746588693956282,102.56666666666666,0.057735026918940884,-0.09737098344694273,medium
1987-11-01,102.6,0.0,0.0,0.0,0.0,0.0,0.0,0.0,0.0,0.0,0.0,0.0,0.0,0.0,0.0,0.0,0.0,-0.09737098344694273,102.7,0.19512195121951237,102.59999999999998,0.09999999999999316,0.3898635477582957,high
1987-12-01,103.0,0.0,0.0,0.0,0.0,0.0,0.0,0.0,0.0,0.0,0.0,0.0,0.0,0.0,0.0,0.0,0.0,0.3898635477582957,102.6,-0.09737098344694273,102.60000000000001,0.09999999999999316,0.1941747572815622,high
1988-01-01,103.2,0.0,0.0,0.0,0.0,0.0,0.0,0.0,0.0,0.0,0.0,0.0,0.0,0.0,0.0,0.0,0.0,0.1941747572815622,103.0,0.3898635477582957,102.76666666666667,0.20816659994661482,0.5813953488372103,high
1988-02-01,103.8,0.0,0.0,0.0,0.0,0.0,0.0,0.0,0.0,0.0,0.0,0.0,0.0,0.0,0.0,0.0,0.0,0.5813953488372103,103.2,0.1941747572815622,102.93333333333334,0.30550504633039194,-0.09633911368014392,medium
1988-03-01,103.7,0.0,0.0,0.0,0.0,0.0,0.0,0.0,0.0,0.0,0.0,0.0,0.0,0.0,0.0,0.0,0.0,-0.09633911368014392,103.8,0.5813953488372103,103.33333333333333,0.41633319989321443,-0.48216007714561027,low
1988-04-01,103.2,0.0,0.0,0.0,0.0,0.0,0.0,0.0,0.0,0.0,0.0,0.0,0.0,0.0,0.0,0.0,0.0,-0.48216007714561027,103.7,-0.09633911368014392,103.56666666666666,0.3214550253664064,0.5813953488372103,high
1988-05-01,103.8,0.0,0.0,0.0,0.0,0.0,0.0,0.0,0.0,0.0,0.0,0.0,0.0,0.0,0.0,0.0,0.0,0.5813953488372103,103.2,-0.48216007714561027,103.56666666666668,0.3214550253664064,0.19267822736031004,high
1988-06-01,104.0,0.0,0.0,0.0,0.0,0.0,0.0,0.0,0.0,0.0,0.0,0.0,0.0,0.0,0.0,0.0,0.0,0.19267822736031004,103.8,0.5813953488372103,103.56666666666666,0.3214550253664064,0.09615384615384581,high
1988-07-01,104.1,0.0,0.0,0.0,0.0,0.0,0.0,0.0,0.0,0.0,0.0,0.0,0.0,0.0,0.0,0.0,0.0,0.09615384615384581,104.0,0.19267822736031004,103.66666666666667,0.41633319989320444,0.2881844380403509,high
1988-08-01,104.4,0.0,0.0,0.0,0.0,0.0,0.0,0.0,0.0,0.0,0.0,0.0,0.0,0.0,0.0,0.0,0.0,0.2881844380403509,104.1,0.09615384615384581,103.96666666666665,0.15275252316512514,0.19157088122603305,high
1988-09-01,104.6,0.0,0.0,0.0,0.0,0.0,0.0,0.0,0.0,0.0,0.0,0.0,0.0,0.0,0.0,0.0,0.0,0.19157088122603305,104.4,0.2881844380403509,104.16666666666667,0.20816659994655679,-0.2868068833651982,low
1988-10-01,104.3,0.0,0.0,0.0,0.0,0.0,0.0,0.0,0.0,0.0,0.0,0.0,0.0,0.0,0.0,0.0,0.0,-0.2868068833651982,104.6,0.19157088122603305,104.36666666666666,0.2516611478423095,0.2876318312559967,high
1988-11-01,104.6,0.0,0.0,0.0,0.0,0.0,0.0,0.0,0.0,0.0,0.0,0.0,0.0,0.0,0.0,0.0,0.0,0.2876318312559967,104.3,-0.2868068833651982,104.43333333333334,0.15275252316511506,0.09560229445506607,high
1988-12-01,104.7,0.0,0.0,0.0,0.0,0.0,0.0,0.0,0.0,0.0,0.0,0.0,0.0,0.0,0.0,0.0,0.0,0.09560229445506607,104.6,0.2876318312559967,104.5,0.17320508075681534,0.0,medium
1989-01-01,104.7,0.0,0.0,0.0,0.0,0.0,0.0,0.0,0.0,0.0,0.0,0.0,0.0,0.0,0.0,0.0,0.0,0.0,104.7,0.09560229445506607,104.53333333333335,0.2081665999465565,0.19102196752627254,high
1989-02-01,104.9,0.0,0.0,0.0,0.0,0.0,0.0,0.0,0.0,0.0,0.0,0.0,0.0,0.0,0.0,0.0,0.0,0.19102196752627254,104.7,0.0,104.66666666666667,0.05773502691874704,0.09532888465204614,high
1989-03-01,105.0,0.0,0.0,0.0,0.0,0.0,0.0,0.0,0.0,0.0,0.0,0.0,0.0,0.0,0.0,0.0,0.0,0.09532888465204614,104.9,0.19102196752627254,104.76666666666667,0.11547005383780529,0.0,medium
1989-04-01,105.0,0.0,0.0,0.0,0.0,0.0,0.0,0.0,0.0,0.0,0.0,0.0,0.0,0.0,0.0,0.0,0.0,0.0,105.0,0.09532888465204614,104.86666666666667,0.15275252316509647,0.09523809523808158,high
1989-05-01,105.1,0.0,0.0,0.0,0.0,0.0,0.0,0.0,0.0,0.0,0.0,0.0,0.0,0.0,0.0,0.0,0.0,0.09523809523808158,105.0,0.0,104.96666666666665,0.05773502691868141,0.09514747859182826,high
1989-06-01,105.2,0.0,0.0,0.0,0.0,0.0,0.0,0.0,0.0,0.0,0.0,0.0,0.0,0.0,0.0,0.0,0.0,0.09514747859182826,105.1,0.09523809523808158,105.03333333333335,0.0577350269186527,0.0,medium
1989-07-01,105.2,0.0,0.0,0.0,0.0,0.0,0.0,0.0,0.0,0.0,0.0,0.0,0.0,0.0,0.0,0.0,0.0,0.0,105.2,0.09514747859182826,105.10000000000001,0.09999999999981435,0.0950570342205248,high
1989-08-01,105.3,0.0,0.0,0.0,0.0,0.0,0.0,0.0,0.0,0.0,0.0,0.0,0.0,0.0,0.0,0.0,0.0,0.0950570342205248,105.2,0.0,105.16666666666667,0.057735026918632186,-0.09496676163341933,medium
1989-09-01,105.2,0.0,0.0,0.0,0.0,0.0,0.0,0.0,0.0,0.0,0.0,0.0,0.0,0.0,0.0,0.0,0.0,-0.09496676163341933,105.3,0.0950570342205248,105.23333333333333,0.05773502691860757,0.2851711026615966,high
1989-10-01,105.5,0.0,0.0,0.0,0.0,0.0,0.0,0.0,0.0,0.0,0.0,0.0,0.0,0.0,0.0,0.0,0.0,0.2851711026615966,105.2,-0.09496676163341933,105.23333333333335,0.05773502691860757,-0.18957345971564177,medium
1989-11-01,105.3,0.0,0.0,0.0,0.0,0.0,0.0,0.0,0.0,0.0,0.0,0.0,0.0,0.0,0.0,0.0,0.0,-0.18957345971564177,105.5,0.2851711026615966,105.33333333333333,0.15275252316504065,-0.3798670465337106,low
1989-12-01,104.9,0.0,0.0,0.0,0.0,0.0,0.0,0.0,0.0,0.0,0.0,0.0,0.0,0.0,0.0,0.0,0.0,-0.3798670465337106,105.3,-0.18957345971564177,105.33333333333333,0.15275252316504065,0.19065776930409228,high
1990-01-01,105.1,0.0,0.0,0.0,0.0,0.0,0.0,0.0,0.0,0.0,0.0,0.0,0.0,0.0,0.0,0.0,0.0,0.19065776930409228,104.9,-0.3798670465337106,105.23333333333333,0.30550504633032294,-0.2854424357754515,low
1990-02-01,104.8,0.0,0.0,0.0,0.0,0.0,0.0,0.0,0.0,0.0,0.0,0.0,0.0,0.0,0.0,0.0,0.0,-0.2854424357754515,105.1,0.19065776930409228,105.10000000000001,0.19999999999993034,0.0954198473282597,high
1990-03-01,104.9,0.0,0.0,0.0,0.0,0.0,0.0,0.0,0.0,0.0,0.0,0.0,0.0,0.0,0.0,0.0,0.0,0.0954198473282597,104.8,-0.2854424357754515,104.93333333333332,0.15275252316516702,-0.09532888465205724,medium
1990-04-01,104.8,0.0,0.0,0.0,0.0,0.0,0.0,0.0,0.0,0.0,0.0,0.0,0.0,0.0,0.0,0.0,0.0,-0.09532888465205724,104.9,0.0954198473282597,104.93333333333334,0.15275252316516702,0.0,medium
1990-05-01,104.8,0.0,0.0,0.0,0.0,0.0,0.0,0.0,0.0,0.0,0.0,0.0,0.0,0.0,0.0,0.0,0.0,0.0,104.8,-0.09532888465205724,104.83333333333333,0.05773502691898812,0.0954198473282597,high
1990-06-01,104.9,0.0,0.0,0.0,0.0,0.0,0.0,0.0,0.0,0.0,0.0,0.0,0.0,0.0,0.0,0.0,0.0,0.0954198473282597,104.8,0.0,104.83333333333333,0.05773502691898812,0.4766444232602529,high
1990-07-01,105.4,0.0,0.0,0.0,0.0,0.0,0.0,0.0,0.0,0.0,0.0,0.0,0.0,0.0,0.0,0.0,0.0,0.4766444232602529,104.9,0.0954198473282597,104.83333333333333,0.05773502691898812,-0.5692599620493399,low
1990-08-01,104.8,0.0,0.0,0.0,0.0,0.0,0.0,0.0,0.0,0.0,0.0,0.0,0.0,0.0,0.0,0.0,0.0,-0.5692599620493399,105.4,0.4766444232602529,105.03333333333335,0.32145502536640547,0.0,medium
1990-09-01,104.8,0.0,0.0,0.0,0.0,0.0,0.0,0.0,0.0,0.0,0.0,0.0,0.0,0.0,0.0,0.0,0.0,0.0,104.8,-0.5692599620493399,105.03333333333335,0.32145502536640547,0.0,medium
1990-10-01,104.8,0.0,0.0,0.0,0.0,0.0,0.0,0.0,0.0,0.0,0.0,0.0,0.0,0.0,0.0,0.0,0.0,0.0,104.8,0.0,105.0,0.34641016151375614,-0.0954198473282375,medium
1990-11-01,104.7,0.0,0.0,0.0,0.0,0.0,0.0,0.0,0.0,0.0,0.0,0.0,0.0,0.0,0.0,0.0,0.0,-0.0954198473282375,104.8,0.0,104.8,0.0,0.19102196752627254,high
1990-12-01,104.9,0.0,0.0,0.0,0.0,0.0,0.0,0.0,0.0,0.0,0.0,0.0,0.0,0.0,0.0,0.0,0.0,0.19102196752627254,104.7,-0.0954198473282375,104.76666666666665,0.057735026918986035,0.4766444232602529,high
1991-01-01,105.4,0.0,0.0,0.0,0.0,0.0,0.0,0.0,0.0,0.0,0.0,0.0,0.0,0.0,0.0,0.0,0.0,0.4766444232602529,104.9,0.19102196752627254,104.8,0.10000000000000442,0.0948766603415585,medium
1991-02-01,105.5,0.0,0.0,0.0,0.0,0.0,0.0,0.0,0.0,0.0,0.0,0.0,0.0,0.0,0.0,0.0,0.0,0.0948766603415585,105.4,0.4766444232602529,105.0,0.36055512754638125,-0.18957345971564177,medium
1991-03-01,105.3,0.0,0.0,0.0,0.0,0.0,0.0,0.0,0.0,0.0,0.0,0.0,0.0,0.0,0.0,0.0,0.0,-0.18957345971564177,105.5,0.0948766603415585,105.26666666666667,0.32145502536638204,0.0,medium
1991-04-01,105.3,0.0,0.0,0.0,0.0,0.0,0.0,0.0,0.0,0.0,0.0,0.0,0.0,0.0,0.0,0.0,0.0,0.0,105.3,-0.18957345971564177,105.39999999999999,0.09999999999979949,-0.3798670465337106,low
1991-05-01,104.9,0.0,0.0,0.0,0.0,0.0,0.0,0.0,0.0,0.0,0.0,0.0,0.0,0.0,0.0,0.0,0.0,-0.3798670465337106,105.3,0.0,105.36666666666667,0.11547005383776729,0.19065776930409228,high
1991-06-01,105.1,0.0,0.0,0.0,0.0,0.0,0.0,0.0,0.0,0.0,0.0,0.0,0.0,0.0,0.0,0.0,0.0,0.19065776930409228,104.9,-0.3798670465337106,105.16666666666667,0.23094010767581283,-0.19029495718362321,medium
1991-07-01,104.9,0.0,0.0,0.0,0.0,0.0,0.0,0.0,0.0,0.0,0.0,0.0,0.0,0.0,0.0,0.0,0.0,-0.19029495718362321,105.1,0.19065776930409228,105.09999999999998,0.1999999999999747,-0.09532888465205724,medium
1991-08-01,104.8,0.0,0.0,0.0,0.0,0.0,0.0,0.0,0.0,0.0,0.0,0.0,0.0,0.0,0.0,0.0,0.0,-0.09532888465205724,104.9,-0.19029495718362321,104.96666666666665,0.11547005383794884,-0.1908396946564861,medium
1991-09-01,104.6,0.0,0.0,0.0,0.0,0.0,0.0,0.0,0.0,0.0,0.0,0.0,0.0,0.0,0.0,0.0,0.0,-0.1908396946564861,104.8,-0.09532888465205724,104.93333333333334,0.15275252316522514,-0.09560229445506607,medium
1991-10-01,104.5,0.0,0.0,0.0,0.0,0.0,0.0,0.0,0.0,0.0,0.0,0.0,0.0,0.0,0.0,0.0,0.0,-0.09560229445506607,104.6,-0.1908396946564861,104.76666666666667,0.1527525231652852,-0.0956937799043045,medium
1991-11-01,104.4,0.0,0.0,0.0,0.0,0.0,0.0,0.0,0.0,0.0,0.0,0.0,0.0,0.0,0.0,0.0,0.0,-0.0956937799043045,104.5,-0.09560229445506607,104.63333333333333,0.15275252316532242,0.09578544061301653,high
1991-12-01,104.5,0.0,0.0,0.0,0.0,0.0,0.0,0.0,0.0,0.0,0.0,0.0,0.0,0.0,0.0,0.0,0.0,0.09578544061301653,104.4,-0.0956937799043045,104.5,0.10000000000026847,-0.1913875598086201,low
1992-01-01,104.3,0.0,0.0,0.0,0.0,0.0,0.0,0.0,0.0,0.0,0.0,0.0,0.0,0.0,0.0,0.0,0.0,-0.1913875598086201,104.5,0.09578544061301653,104.46666666666668,0.05773502691947311,0.4793863854266611,high
1992-02-01,104.8,0.0,0.0,0.0,0.0,0.0,0.0,0.0,0.0,0.0,0.0,0.0,0.0,0.0,0.0,0.0,0.0,0.4793863854266611,104.3,-0.1913875598086201,104.40000000000002,0.10000000000034484,0.5725190839694694,high
1992-03-01,105.4,0.0,0.0,0.0,0.0,0.0,0.0,0.0,0.0,0.0,0.0,0.0,0.0,0.0,0.0,0.0,0.0,0.5725190839694694,104.8,0.4793863854266611,104.53333333333332,0.2516611478424607,0.0,medium
1992-04-01,105.4,0.0,0.0,0.0,0.0,0.0,0.0,0.0,0.0,0.0,0.0,0.0,0.0,0.0,0.0,0.0,0.0,0.0,105.4,0.5725190839694694,104.83333333333333,0.550757054728621,-0.5692599620493399,low
1992-05-01,104.8,0.0,0.0,0.0,0.0,0.0,0.0,0.0,0.0,0.0,0.0,0.0,0.0,0.0,0.0,0.0,0.0,-0.5692599620493399,105.4,0.0,105.2,0.3464101615137069,-0.0954198473282375,medium
1992-06-01,104.7,0.0,0.0,0.0,0.0,0.0,0.0,0.0,0.0,0.0,0.0,0.0,0.0,0.0,0.0,0.0,0.0,-0.0954198473282375,104.8,-0.5692599620493399,105.2,0.3464101615137069,-0.19102196752627254,medium
1992-07-01,104.5,0.0,0.0,0.0,0.0,0.0,0.0,0.0,0.0,0.0,0.0,0.0,0.0,0.0,0.0,0.0,0.0,-0.19102196752627254,104.7,-0.0954198473282375,104.96666666666668,0.37859388972000424,-0.1913875598086201,low
1992-08-01,104.3,0.0,0.0,0.0,0.0,0.0,0.0,0.0,0.0,0.0,0.0,0.0,0.0,0.0,0.0,0.0,0.0,-0.1913875598086201,104.5,-0.19102196752627254,104.66666666666667,0.1527525231653213,-0.09587727708532112,medium
1992-09-01,104.2,0.0,0.0,0.0,0.0,0.0,0.0,0.0,0.0,0.0,0.0,0.0,0.0,0.0,0.0,0.0,0.0,-0.09587727708532112,104.3,-0.1913875598086201,104.5,0.20000000000017548,0.09596928982724684,high
1992-10-01,104.3,0.0,0.0,0.0,0.0,0.0,0.0,0.0,0.0,0.0,0.0,0.0,0.0,0.0,0.0,0.0,0.0,0.09596928982724684,104.2,-0.09587727708532112,104.33333333333333,0.1527525231655198,-0.19175455417066445,low
1992-11-01,104.1,0.0,0.0,0.0,0.0,0.0,0.0,0.0,0.0,0.0,0.0,0.0,0.0,0.0,0.0,0.0,0.0,-0.19175455417066445,104.3,0.09596928982724684,104.26666666666667,0.0577350269199358,0.3842459173871271,high
1992-12-01,104.5,0.0,0.0,0.0,0.0,0.0,0.0,0.0,0.0,0.0,0.0,0.0,0.0,0.0,0.0,0.0,0.0,0.3842459173871271,104.1,-0.19175455417066445,104.2,0.10000000000064041,0.0956937799043045,high
1993-01-01,104.6,0.0,0.0,0.0,0.0,0.0,0.0,0.0,0.0,0.0,0.0,0.0,0.0,0.0,0.0,0.0,0.0,0.0956937799043045,104.5,0.3842459173871271,104.3,0.20000000000026905,0.5736137667304186,high
1993-02-01,105.2,0.0,0.0,0.0,0.0,0.0,0.0,0.0,0.0,0.0,0.0,0.0,0.0,0.0,0.0,0.0,0.0,0.5736137667304186,104.6,0.0956937799043045,104.39999999999999,0.2645751311066238,0.0950570342205248,high
1993-03-01,105.3,0.0,0.0,0.0,0.0,0.0,0.0,0.0,0.0,0.0,0.0,0.0,0.0,0.0,0.0,0.0,0.0,0.0950570342205248,105.2,0.5736137667304186,104.76666666666667,0.3785938897200371,0.3798670465337217,high
1993-04-01,105.7,0.0,0.0,0.0,0.0,0.0,0.0,0.0,0.0,0.0,0.0,0.0,0.0,0.0,0.0,0.0,0.0,0.3798670465337217,105.3,0.0950570342205248,105.03333333333335,0.378593889719962,-0.18921475875118832,medium
1993-05-01,105.5,0.0,0.0,0.0,0.0,0.0,0.0,0.0,0.0,0.0,0.0,0.0,0.0,0.0,0.0,0.0,0.0,-0.18921475875118832,105.7,0.3798670465337217,105.39999999999999,0.2645751311062209,0.0,medium
1993-06-01,105.5,0.0,0.0,0.0,0.0,0.0,0.0,0.0,0.0,0.0,0.0,0.0,0.0,0.0,0.0,0.0,0.0,0.0,105.5,-0.18921475875118832,105.5,0.19999999999962953,-0.28436018957345155,low
1993-07-01,105.2,0.0,0.0,0.0,0.0,0.0,0.0,0.0,0.0,0.0,0.0,0.0,0.0,0.0,0.0,0.0,0.0,-0.28436018957345155,105.5,0.0,105.56666666666666,0.11547005383721765,0.0950570342205248,high
1993-08-01,105.3,0.0,0.0,0.0,0.0,0.0,0.0,0.0,0.0,0.0,0.0,0.0,0.0,0.0,0.0,0.0,0.0,0.0950570342205248,105.2,-0.28436018957345155,105.40000000000002,0.173205080756507,0.09496676163343043,high
1993-09-01,105.4,0.0,0.0,0.0,0.0,0.0,0.0,0.0,0.0,0.0,0.0,0.0,0.0,0.0,0.0,0.0,0.0,0.09496676163343043,105.3,0.0950570342205248,105.33333333333333,0.1527525231648046,-0.09487666034156961,medium
1993-10-01,105.3,0.0,0.0,0.0,0.0,0.0,0.0,0.0,0.0,0.0,0.0,0.0,0.0,0.0,0.0,0.0,0.0,-0.09487666034156961,105.4,0.09496676163343043,105.30000000000001,0.09999999999944015,0.2849002849002913,high
1993-11-01,105.6,0.0,0.0,0.0,0.0,0.0,0.0,0.0,0.0,0.0,0.0,0.0,0.0,0.0,0.0,0.0,0.0,0.2849002849002913,105.3,-0.09487666034156961,105.33333333333333,0.057735026917935854,-0.28409090909090606,low
1993-12-01,105.3,0.0,0.0,0.0,0.0,0.0,0.0,0.0,0.0,0.0,0.0,0.0,0.0,0.0,0.0,0.0,0.0,-0.28409090909090606,105.6,0.2849002849002913,105.43333333333332,0.15275252316473095,0.0,medium
1994-01-01,105.3,0.0,0.0,0.0,0.0,0.0,0.0,0.0,0.0,0.0,0.0,0.0,0.0,0.0,0.0,0.0,0.0,0.0,105.3,-0.28409090909090606,105.39999999999999,0.17320508075649846,0.09496676163343043,high
1994-02-01,105.4,0.0,0.0,0.0,0.0,0.0,0.0,0.0,0.0,0.0,0.0,0.0,0.0,0.0,0.0,0.0,0.0,0.09496676163343043,105.3,0.0,105.39999999999999,0.17320508075649846,0.0,medium
1994-03-01,105.4,0.0,0.0,0.0,0.0,0.0,0.0,0.0,0.0,0.0,0.0,0.0,0.0,0.0,0.0,0.0,0.0,0.0,105.4,0.09496676163343043,105.33333333333333,0.05773502691791947,0.0948766603415585,medium
1994-04-01,105.5,0.0,0.0,0.0,0.0,0.0,0.0,0.0,0.0,0.0,0.0,0.0,0.0,0.0,0.0,0.0,0.0,0.0948766603415585,105.4,0.0,105.36666666666667,0.05773502691785794,-0.09478672985780978,medium
1994-05-01,105.4,0.0,0.0,0.0,0.0,0.0,0.0,0.0,0.0,0.0,0.0,0.0,0.0,0.0,0.0,0.0,0.0,-0.09478672985780978,105.5,0.0948766603415585,105.43333333333334,0.057735026917720506,0.0948766603415585,medium
1994-06-01,105.5,0.0,0.0,0.0,0.0,0.0,0.0,0.0,0.0,0.0,0.0,0.0,0.0,0.0,0.0,0.0,0.0,0.0948766603415585,105.4,-0.09478672985780978,105.43333333333334,0.057735026917720506,-0.09478672985780978,medium
1994-07-01,105.4,0.0,0.0,0.0,0.0,0.0,0.0,0.0,0.0,0.0,0.0,0.0,0.0,0.0,0.0,0.0,0.0,-0.09478672985780978,105.5,0.0948766603415585,105.46666666666665,0.05773502691766102,-0.6641366223908984,low
1994-08-01,104.7,0.0,0.0,0.0,0.0,0.0,0.0,0.0,0.0,0.0,0.0,0.0,0.0,0.0,0.0,0.0,0.0,-0.6641366223908984,105.4,-0.09478672985780978,105.43333333333334,0.057735026917720506,-0.47755491881565915,low
1994-09-01,104.2,0.0,0.0,0.0,0.0,0.0,0.0,0.0,0.0,0.0,0.0,0.0,0.0,0.0,0.0,0.0,0.0,-0.47755491881565915,104.7,-0.6641366223908984,105.2,0.4358898943539581,-0.5758157389635365,low
1994-10-01,103.6,0.0,0.0,0.0,0.0,0.0,0.0,0.0,0.0,0.0,0.0,0.0,0.0,0.0,0.0,0.0,0.0,-0.5758157389635365,104.2,-0.47755491881565915,104.76666666666667,0.6027713773341685,-0.09652509652509078,medium
1994-11-01,103.5,0.0,0.0,0.0,0.0,0.0,0.0,0.0,0.0,0.0,0.0,0.0,0.0,0.0,0.0,0.0,0.0,-0.09652509652509078,103.6,-0.5758157389635365,104.16666666666667,0.5507570547287169,-0.19323671497585293,low
1994-12-01,103.3,0.0,0.0,0.0,0.0,0.0,0.0,0.0,0.0,0.0,0.0,0.0,0.0,0.0,0.0,0.0,0.0,-0.19323671497585293,103.5,-0.09652509652509078,103.76666666666667,0.37859388972026636,-0.1936108422071703,low
1995-01-01,103.1,0.0,0.0,0.0,0.0,0.0,0.0,0.0,0.0,0.0,0.0,0.0,0.0,0.0,0.0,0.0,0.0,-0.1936108422071703,103.3,-0.19323671497585293,103.46666666666665,0.152752523165971,0.4849660523763344,high
1995-02-01,103.6,0.0,0.0,0.0,0.0,0.0,0.0,0.0,0.0,0.0,0.0,0.0,0.0,0.0,0.0,0.0,0.0,0.4849660523763344,103.1,-0.1936108422071703,103.3,0.2000000000006717,-0.7722007722007707,low
1995-03-01,102.8,0.0,0.0,0.0,0.0,0.0,0.0,0.0,0.0,0.0,0.0,0.0,0.0,0.0,0.0,0.0,0.0,-0.7722007722007707,103.6,0.4849660523763344,103.33333333333333,0.25166114784287885,0.09727626459143934,high
1995-04-01,102.9,0.0,0.0,0.0,0.0,0.0,0.0,0.0,0.0,0.0,0.0,0.0,0.0,0.0,0.0,0.0,0.0,0.09727626459143934,102.8,-0.7722007722007707,103.16666666666667,0.40414518843309455,-0.19436345966958868,low
1995-05-01,102.7,0.0,0.0,0.0,0.0,0.0,0.0,0.0,0.0,0.0,0.0,0.0,0.0,0.0,0.0,0.0,0.0,-0.19436345966958868,102.9,0.09727626459143934,103.10000000000001,0.4358898943544075,-0.19474196689386325,low
1995-06-01,102.5,0.0,0.0,0.0,0.0,0.0,0.0,0.0,0.0,0.0,0.0,0.0,0.0,0.0,0.0,0.0,0.0,-0.19474196689386325,102.7,-0.19436345966958868,102.8,0.1000000000017341,-0.39024390243902474,low
1995-07-01,102.1,0.0,0.0,0.0,0.0,0.0,0.0,0.0,0.0,0.0,0.0,0.0,0.0,0.0,0.0,0.0,0.0,-0.39024390243902474,102.5,-0.19474196689386325,102.7,0.20000000000091003,-0.09794319294808007,medium
1995-08-01,102.0,0.0,0.0,0.0,0.0,0.0,0.0,0.0,0.0,0.0,0.0,0.0,0.0,0.0,0.0,0.0,0.0,-0.09794319294808007,102.1,-0.39024390243902474,102.43333333333334,0.305505046331055,0.09803921568627416,high
1995-09-01,102.1,0.0,0.0,0.0,0.0,0.0,0.0,0.0,0.0,0.0,0.0,0.0,0.0,0.0,0.0,0.0,0.0,0.09803921568627416,102.0,-0.09794319294808007,102.2,0.2645751311072865,0.19588638589618235,high
1995-10-01,102.3,0.0,0.0,0.0,0.0,0.0,0.0,0.0,0.0,0.0,0.0,0.0,0.0,0.0,0.0,0.0,0.0,0.19588638589618235,102.1,0.09803921568627416,102.06666666666666,0.05773502692291115,0.0,medium
1995-11-01,102.3,0.0,0.0,0.0,0.0,0.0,0.0,0.0,0.0,0.0,0.0,0.0,0.0,0.0,0.0,0.0,0.0,0.0,102.3,0.19588638589618235,102.13333333333333,0.15275252316665405,-0.09775171065493637,medium
1995-12-01,102.2,0.0,0.0,0.0,0.0,0.0,0.0,0.0,0.0,0.0,0.0,0.0,0.0,0.0,0.0,0.0,0.0,-0.09775171065493637,102.3,0.0,102.23333333333333,0.11547005383979196,-0.195694716242667,low
1996-01-01,102.0,0.0,0.0,0.0,0.0,0.0,0.0,0.0,0.0,0.0,0.0,0.0,0.0,0.0,0.0,0.0,0.0,-0.195694716242667,102.2,-0.09775171065493637,102.26666666666667,0.05773502692264656,-0.19607843137254832,low
1996-02-01,101.8,0.0,0.0,0.0,0.0,0.0,0.0,0.0,0.0,0.0,0.0,0.0,0.0,0.0,0.0,0.0,0.0,-0.19607843137254832,102.0,-0.195694716242667,102.16666666666667,0.15275252316662305,-1.1787819253438192,low
1996-03-01,100.6,0.0,0.0,0.0,0.0,0.0,0.0,0.0,0.0,0.0,0.0,0.0,0.0,0.0,0.0,0.0,0.0,-1.1787819253438192,101.8,-0.19607843137254832,102.0,0.20000000000113416,-0.8946322067594381,low
1996-04-01,99.7,0.0,0.0,0.0,0.0,0.0,0.0,0.0,0.0,0.0,0.0,0.0,0.0,0.0,0.0,0.0,0.0,-0.8946322067594381,100.6,-1.1787819253438192,101.46666666666665,0.7571877794403614,-0.6018054162487574,low
1996-05-01,99.1,0.0,0.0,0.0,0.0,0.0,0.0,0.0,0.0,0.0,0.0,0.0,0.0,0.0,0.0,0.0,0.0,-0.6018054162487574,99.7,-0.8946322067594381,100.7,1.053565375285521,-0.4036326942482238,low
1996-06-01,98.7,0.0,0.0,0.0,0.0,0.0,0.0,0.0,0.0,0.0,0.0,0.0,0.0,0.0,0.0,0.0,0.0,-0.4036326942482238,99.1,-0.6018054162487574,99.8,0.7549834435274644,0.0,medium
1996-07-01,98.7,0.0,0.0,0.0,0.0,0.0,0.0,0.0,0.0,0.0,0.0,0.0,0.0,0.0,0.0,0.0,0.0,0.0,98.7,-0.4036326942482238,99.16666666666667,0.5033222956853479,0.0,medium
1996-08-01,98.7,0.0,0.0,0.0,0.0,0.0,0.0,0.0,0.0,0.0,0.0,0.0,0.0,0.0,0.0,0.0,0.0,0.0,98.7,0.0,98.83333333333333,0.23094010767726725,0.10131712259371373,high
1996-09-01,98.8,0.0,0.0,0.0,0.0,0.0,0.0,0.0,0.0,0.0,0.0,0.0,0.0,0.0,0.0,0.0,0.0,0.10131712259371373,98.7,0.0,98.7,0.0,-0.8097165991902799,low
1996-10-01,98.0,0.0,0.0,0.0,0.0,0.0,0.0,0.0,0.0,0.0,0.0,0.0,0.0,0.0,0.0,0.0,0.0,-0.8097165991902799,98.8,0.10131712259371373,98.73333333333335,0.057735026924712406,-0.20408163265306367,low
1996-11-01,97.8,0.0,0.0,0.0,0.0,0.0,0.0,0.0,0.0,0.0,0.0,0.0,0.0,0.0,0.0,0.0,0.0,-0.20408163265306367,98.0,-0.8097165991902799,98.5,0.43588989435485187,0.0,medium
1996-12-01,97.8,0.0,0.0,0.0,0.0,0.0,0.0,0.0,0.0,0.0,0.0,0.0,0.0,0.0,0.0,0.0,0.0,0.0,97.8,-0.20408163265306367,98.2,0.5291502622135835,-0.6134969325153339,low
1997-01-01,97.2,0.0,0.0,0.0,0.0,0.0,0.0,0.0,0.0,0.0,0.0,0.0,0.0,0.0,0.0,0.0,0.0,-0.6134969325153339,97.8,0.0,97.86666666666667,0.11547005384107203,-0.6172839506172978,low
1997-02-01,96.6,0.0,0.0,0.0,0.0,0.0,0.0,0.0,0.0,0.0,0.0,0.0,0.0,0.0,0.0,0.0,0.0,-0.6172839506172978,97.2,-0.6134969325153339,97.60000000000001,0.34641016151485066,0.0,medium
1997-03-01,96.6,0.0,0.0,0.0,0.0,0.0,0.0,0.0,0.0,0.0,0.0,0.0,0.0,0.0,0.0,0.0,0.0,0.0,96.6,-0.6172839506172978,97.19999999999999,0.6000000000006437,-0.41407867494822614,low
1997-04-01,96.2,0.0,0.0,0.0,0.0,0.0,0.0,0.0,0.0,0.0,0.0,0.0,0.0,0.0,0.0,0.0,0.0,-0.41407867494822614,96.6,0.0,96.8,0.3464101615149317,-0.8316008316008316,low
1997-05-01,95.4,0.0,0.0,0.0,0.0,0.0,0.0,0.0,0.0,0.0,0.0,0.0,0.0,0.0,0.0,0.0,0.0,-0.8316008316008316,96.2,-0.41407867494822614,96.46666666666665,0.23094010767763595,0.10482180293500676,high
1997-06-01,95.5,0.0,0.0,0.0,0.0,0.0,0.0,0.0,0.0,0.0,0.0,0.0,0.0,0.0,0.0,0.0,0.0,0.10482180293500676,95.4,-0.8316008316008316,96.06666666666666,0.6110100926614846,0.0,medium
1997-07-01,95.5,0.0,0.0,0.0,0.0,0.0,0.0,0.0,0.0,0.0,0.0,0.0,0.0,0.0,0.0,0.0,0.0,0.0,95.5,0.10482180293500676,95.7,0.4358898943551157,-1.3612565445026203,low
1997-08-01,94.2,0.0,0.0,0.0,0.0,0.0,0.0,0.0,0.0,0.0,0.0,0.0,0.0,0.0,0.0,0.0,0.0,-1.3612565445026203,95.5,0.0,95.46666666666665,0.05773502692714949,0.0,medium
1997-09-01,94.2,0.0,0.0,0.0,0.0,0.0,0.0,0.0,0.0,0.0,0.0,0.0,0.0,0.0,0.0,0.0,0.0,0.0,94.2,-1.3612565445026203,95.06666666666666,0.750555349947172,-0.6369426751592466,low
1997-10-01,93.6,0.0,0.0,0.0,0.0,0.0,0.0,0.0,0.0,0.0,0.0,0.0,0.0,0.0,0.0,0.0,0.0,-0.6369426751592466,94.2,0.0,94.63333333333333,0.7505553499472017,-0.3205128205128194,low
1997-11-01,93.3,0.0,0.0,0.0,0.0,0.0,0.0,0.0,0.0,0.0,0.0,0.0,0.0,0.0,0.0,0.0,0.0,-0.3205128205128194,93.6,-0.6369426751592466,94.0,0.3464101615153575,0.0,medium
1997-12-01,93.3,0.0,0.0,0.0,0.0,0.0,0.0,0.0,0.0,0.0,0.0,0.0,0.0,0.0,0.0,0.0,0.0,0.0,93.3,-0.3205128205128194,93.7,0.458257569496802,-0.4287245444801635,low
1998-01-01,92.9,0.0,0.0,0.0,0.0,0.0,0.0,0.0,0.0,0.0,0.0,0.0,0.0,0.0,0.0,0.0,0.0,-0.4287245444801635,93.3,0.0,93.39999999999999,0.1732050807601407,-0.32292787944027124,low
1998-02-01,92.6,0.0,0.0,0.0,0.0,0.0,0.0,0.0,0.0,0.0,0.0,0.0,0.0,0.0,0.0,0.0,0.0,-0.32292787944027124,92.9,-0.4287245444801635,93.16666666666667,0.23094010767829865,-0.10799136069113979,medium
1998-03-01,92.5,0.0,0.0,0.0,0.0,0.0,0.0,0.0,0.0,0.0,0.0,0.0,0.0,0.0,0.0,0.0,0.0,-0.10799136069113979,92.6,-0.32292787944027124,92.93333333333332,0.35118845843004354,-0.108108108108107,medium
1998-04-01,92.4,0.0,0.0,0.0,0.0,0.0,0.0,0.0,0.0,0.0,0.0,0.0,0.0,0.0,0.0,0.0,0.0,-0.108108108108107,92.5,-0.10799136069113979,92.66666666666667,0.20816659994935155,-0.32467532467533866,low
1998-05-01,92.1,0.0,0.0,0.0,0.0,0.0,0.0,0.0,0.0,0.0,0.0,0.0,0.0,0.0,0.0,0.0,0.0,-0.32467532467533866,92.4,-0.108108108108107,92.5,0.10000000000570727,-0.10857763300758938,medium
1998-06-01,92.0,0.0,0.0,0.0,0.0,0.0,0.0,0.0,0.0,0.0,0.0,0.0,0.0,0.0,0.0,0.0,0.0,-0.10857763300758938,92.1,-0.32467532467533866,92.33333333333333,0.208166599949374,-0.3260869565217317,low
1998-07-01,91.7,0.0,0.0,0.0,0.0,0.0,0.0,0.0,0.0,0.0,0.0,0.0,0.0,0.0,0.0,0.0,0.0,-0.3260869565217317,92.0,-0.10857763300758938,92.16666666666667,0.20816659994938397,-0.21810250817885235,low
1998-08-01,91.5,0.0,0.0,0.0,0.0,0.0,0.0,0.0,0.0,0.0,0.0,0.0,0.0,0.0,0.0,0.0,0.0,-0.21810250817885235,91.7,-0.3260869565217317,91.93333333333334,0.20816659994938794,-0.21857923497268228,low
1998-09-01,91.3,0.0,0.0,0.0,0.0,0.0,0.0,0.0,0.0,0.0,0.0,0.0,0.0,0.0,0.0,0.0,0.0,-0.21857923497268228,91.5,-0.21810250817885235,91.73333333333333,0.2516611478446605,-0.10952902519166807,medium
1998-10-01,91.2,0.0,0.0,0.0,0.0,0.0,0.0,0.0,0.0,0.0,0.0,0.0,0.0,0.0,0.0,0.0,0.0,-0.10952902519166807,91.3,-0.21857923497268228,91.5,0.20000000000289572,-0.21929824561404132,low
1998-11-01,91.0,0.0,0.0,0.0,0.0,0.0,0.0,0.0,0.0,0.0,0.0,0.0,0.0,0.0,0.0,0.0,0.0,-0.21929824561404132,91.2,-0.10952902519166807,91.33333333333333,0.15275252316898838,0.0,medium
1998-12-01,91.0,0.0,0.0,0.0,0.0,0.0,0.0,0.0,0.0,0.0,0.0,0.0,0.0,0.0,0.0,0.0,0.0,0.0,91.0,-0.21929824561404132,91.16666666666667,0.15275252316900195,-0.219780219780219,low
1999-01-01,90.8,0.0,0.0,0.0,0.0,0.0,0.0,0.0,0.0,0.0,0.0,0.0,0.0,0.0,0.0,0.0,0.0,-0.219780219780219,91.0,0.0,91.06666666666666,0.11547005384297178,-0.11013215859030367,medium
1999-02-01,90.7,0.0,0.0,0.0,0.0,0.0,0.0,0.0,0.0,0.0,0.0,0.0,0.0,0.0,0.0,0.0,0.0,-0.11013215859030367,90.8,-0.219780219780219,90.93333333333334,0.11547005384298613,0.0,medium
1999-03-01,90.7,0.0,0.0,0.0,0.0,0.0,0.0,0.0,0.0,0.0,0.0,0.0,0.0,0.0,0.0,0.0,0.0,0.0,90.7,-0.11013215859030367,90.83333333333333,0.15275252316902443,-0.22050716648290836,low
1999-04-01,90.5,0.0,0.0,0.0,0.0,0.0,0.0,0.0,0.0,0.0,0.0,0.0,0.0,0.0,0.0,0.0,0.0,-0.22050716648290836,90.7,0.0,90.73333333333335,0.05773502692912004,-0.11049723756905161,medium
1999-05-01,90.4,0.0,0.0,0.0,0.0,0.0,0.0,0.0,0.0,0.0,0.0,0.0,0.0,0.0,0.0,0.0,0.0,-0.11049723756905161,90.5,-0.22050716648290836,90.63333333333333,0.11547005384301845,-0.553097345132747,low
1999-06-01,89.9,0.0,0.0,0.0,0.0,0.0,0.0,0.0,0.0,0.0,0.0,0.0,0.0,0.0,0.0,0.0,0.0,-0.553097345132747,90.4,-0.11049723756905161,90.53333333333335,0.15275252316904886,-0.22246941045606095,low
1999-07-01,89.7,0.0,0.0,0.0,0.0,0.0,0.0,0.0,0.0,0.0,0.0,0.0,0.0,0.0,0.0,0.0,0.0,-0.22246941045606095,89.9,-0.553097345132747,90.26666666666667,0.3214550253682735,0.22296544035673715,high
1999-08-01,89.9,0.0,0.0,0.0,0.0,0.0,0.0,0.0,0.0,0.0,0.0,0.0,0.0,0.0,0.0,0.0,0.0,0.22296544035673715,89.7,-0.22246941045606095,90.0,0.3605551275480544,0.11123470522802492,high
1999-09-01,90.0,0.0,0.0,0.0,0.0,0.0,0.0,0.0,0.0,0.0,0.0,0.0,0.0,0.0,0.0,0.0,0.0,0.11123470522802492,89.9,0.22296544035673715,89.83333333333333,0.1154700538431087,-0.33333333333332993,low
1999-10-01,89.7,0.0,0.0,0.0,0.0,0.0,0.0,0.0,0.0,0.0,0.0,0.0,0.0,0.0,0.0,0.0,0.0,-0.33333333333332993,90.0,0.11123470522802492,89.86666666666667,0.15275252316910934,-0.22296544035674826,low
1999-11-01,89.5,0.0,0.0,0.0,0.0,0.0,0.0,0.0,0.0,0.0,0.0,0.0,0.0,0.0,0.0,0.0,0.0,-0.22296544035674826,89.7,-0.33333333333332993,89.86666666666667,0.15275252316910934,-0.22346368715083775,low
1999-12-01,89.3,0.0,0.0,0.0,0.0,0.0,0.0,0.0,0.0,0.0,0.0,0.0,0.0,0.0,0.0,0.0,0.0,-0.22346368715083775,89.5,-0.22296544035674826,89.73333333333333,0.2516611478447369,-0.5599104143337086,low
2000-01-01,88.8,0.0,0.0,0.0,0.0,0.0,0.0,0.0,0.0,0.0,0.0,0.0,0.0,0.0,0.0,0.0,0.0,-0.5599104143337086,89.3,-0.22346368715083775,89.5,0.20000000000299192,-0.22522522522522292,low
2000-02-01,88.6,0.0,0.0,0.0,0.0,0.0,0.0,0.0,0.0,0.0,0.0,0.0,0.0,0.0,0.0,0.0,0.0,-0.22522522522522292,88.8,-0.5599104143337086,89.2,0.36055512754806307,0.0,medium
2000-03-01,88.6,0.0,0.0,0.0,0.0,0.0,0.0,0.0,0.0,0.0,0.0,0.0,0.0,0.0,0.0,0.0,0.0,0.0,88.6,-0.22522522522522292,88.89999999999999,0.36055512754807345,0.3386004514672747,high
2000-04-01,88.9,0.0,0.0,0.0,0.0,0.0,0.0,0.0,0.0,0.0,0.0,0.0,0.0,0.0,0.0,0.0,0.0,0.3386004514672747,88.6,0.0,88.66666666666667,0.11547005384318768,-0.4499437570303799,low
2000-05-01,88.5,0.0,0.0,0.0,0.0,0.0,0.0,0.0,0.0,0.0,0.0,0.0,0.0,0.0,0.0,0.0,0.0,-0.4499437570303799,88.9,0.3386004514672747,88.7,0.17320508076040086,0.3389830508474523,high
2000-06-01,88.8,0.0,0.0,0.0,0.0,0.0,0.0,0.0,0.0,0.0,0.0,0.0,0.0,0.0,0.0,0.0,0.0,0.3389830508474523,88.5,-0.4499437570303799,88.66666666666667,0.20816659994953557,0.5630630630630629,high
2000-07-01,89.3,0.0,0.0,0.0,0.0,0.0,0.0,0.0,0.0,0.0,0.0,0.0,0.0,0.0,0.0,0.0,0.0,0.5630630630630629,88.8,0.3389830508474523,88.73333333333333,0.20816659994952877,-0.11198208286673506,medium
2000-08-01,89.2,0.0,0.0,0.0,0.0,0.0,0.0,0.0,0.0,0.0,0.0,0.0,0.0,0.0,0.0,0.0,0.0,-0.11198208286673506,89.3,0.5630630630630629,88.86666666666667,0.40414518843423236,-0.11210762331839152,medium
2000-09-01,89.1,0.0,0.0,0.0,0.0,0.0,0.0,0.0,0.0,0.0,0.0,0.0,0.0,0.0,0.0,0.0,0.0,-0.11210762331839152,89.2,-0.11198208286673506,89.10000000000001,0.2645751311087322,-0.33670033670033517,low
2000-10-01,88.8,0.0,0.0,0.0,0.0,0.0,0.0,0.0,0.0,0.0,0.0,0.0,0.0,0.0,0.0,0.0,0.0,-0.33670033670033517,89.1,-0.11210762331839152,89.19999999999999,0.10000000000599678,-0.22522522522522292,low
2000-11-01,88.6,0.0,0.0,0.0,0.0,0.0,0.0,0.0,0.0,0.0,0.0,0.0,0.0,0.0,0.0,0.0,0.0,-0.22522522522522292,88.8,-0.33670033670033517,89.03333333333335,0.20816659994949888,-0.7900677200902817,low
2000-12-01,87.9,0.0,0.0,0.0,0.0,0.0,0.0,0.0,0.0,0.0,0.0,0.0,0.0,0.0,0.0,0.0,0.0,-0.7900677200902817,88.6,-0.22522522522522292,88.83333333333333,0.2516611478447407,0.0,medium
2001-01-01,87.9,0.0,0.0,0.0,0.0,0.0,0.0,0.0,0.0,0.0,0.0,0.0,0.0,0.0,0.0,0.0,0.0,0.0,87.9,-0.7900677200902817,88.43333333333332,0.47258156262651724,-0.4550625711035372,low
2001-02-01,87.5,0.0,0.0,0.0,0.0,0.0,0.0,0.0,0.0,0.0,0.0,0.0,0.0,0.0,0.0,0.0,0.0,-0.4550625711035372,87.9,0.0,88.13333333333333,0.4041451884341963,-0.22857142857143353,low
2001-03-01,87.3,0.0,0.0,0.0,0.0,0.0,0.0,0.0,0.0,0.0,0.0,0.0,0.0,0.0,0.0,0.0,0.0,-0.22857142857143353,87.5,-0.4550625711035372,87.76666666666667,0.2309401076783965,-0.22909507445589838,low
2001-04-01,87.1,0.0,0.0,0.0,0.0,0.0,0.0,0.0,0.0,0.0,0.0,0.0,0.0,0.0,0.0,0.0,0.0,-0.22909507445589838,87.3,-0.22857142857143353,87.56666666666666,0.30550504633230896,-0.22962112514349764,low
2001-05-01,86.9,0.0,0.0,0.0,0.0,0.0,0.0,0.0,0.0,0.0,0.0,0.0,0.0,0.0,0.0,0.0,0.0,-0.22962112514349764,87.1,-0.22909507445589838,87.3,0.20000000000292079,-0.4602991944764212,low
2001-06-01,86.5,0.0,0.0,0.0,0.0,0.0,0.0,0.0,0.0,0.0,0.0,0.0,0.0,0.0,0.0,0.0,0.0,-0.4602991944764212,86.9,-0.22962112514349764,87.10000000000001,0.20000000000290835,-0.23121387283236983,low
2001-07-01,86.3,0.0,0.0,0.0,0.0,0.0,0.0,0.0,0.0,0.0,0.0,0.0,0.0,0.0,0.0,0.0,0.0,-0.23121387283236983,86.5,-0.4602991944764212,86.83333333333333,0.30550504633229114,-0.8111239860950192,low
2001-08-01,85.6,0.0,0.0,0.0,0.0,0.0,0.0,0.0,0.0,0.0,0.0,0.0,0.0,0.0,0.0,0.0,0.0,-0.8111239860950192,86.3,-0.23121387283236983,86.56666666666668,0.30550504633228803,-0.2336448598130758,low
2001-09-01,85.4,0.0,0.0,0.0,0.0,0.0,0.0,0.0,0.0,0.0,0.0,0.0,0.0,0.0,0.0,0.0,0.0,-0.2336448598130758,85.6,-0.8111239860950192,86.13333333333333,0.47258156262648165,-0.11709601873537423,medium
2001-10-01,85.3,0.0,0.0,0.0,0.0,0.0,0.0,0.0,0.0,0.0,0.0,0.0,0.0,0.0,0.0,0.0,0.0,-0.11709601873537423,85.4,-0.2336448598130758,85.76666666666665,0.472581562626472,0.11723329425556983,high
2001-11-01,85.4,0.0,0.0,0.0,0.0,0.0,0.0,0.0,0.0,0.0,0.0,0.0,0.0,0.0,0.0,0.0,0.0,0.11723329425556983,85.3,-0.11709601873537423,85.43333333333334,0.1527525231689495,0.0,medium
2001-12-01,85.4,0.0,0.0,0.0,0.0,0.0,0.0,0.0,0.0,0.0,0.0,0.0,0.0,0.0,0.0,0.0,0.0,0.0,85.4,0.11723329425556983,85.36666666666667,0.05773502692891657,0.3512880562060783,high
2002-01-01,85.7,0.0,0.0,0.0,0.0,0.0,0.0,0.0,0.0,0.0,0.0,0.0,0.0,0.0,0.0,0.0,0.0,0.3512880562060783,85.4,0.0,85.36666666666667,0.05773502692891657,0.1166861143523823,high
2002-02-01,85.8,0.0,0.0,0.0,0.0,0.0,0.0,0.0,0.0,0.0,0.0,0.0,0.0,0.0,0.0,0.0,0.0,0.1166861143523823,85.7,0.3512880562060783,85.5,0.17320508076020383,0.34965034965035446,high
2002-03-01,86.1,0.0,0.0,0.0,0.0,0.0,0.0,0.0,0.0,0.0,0.0,0.0,0.0,0.0,0.0,0.0,0.0,0.34965034965035446,85.8,0.1166861143523823,85.63333333333334,0.2081665999493759,-0.813008130081283,low
2002-04-01,85.4,0.0,0.0,0.0,0.0,0.0,0.0,0.0,0.0,0.0,0.0,0.0,0.0,0.0,0.0,0.0,0.0,-0.813008130081283,86.1,0.34965034965035446,85.86666666666666,0.20816659994938982,-0.5854800936768156,low
2002-05-01,84.9,0.0,0.0,0.0,0.0,0.0,0.0,0.0,0.0,0.0,0.0,0.0,0.0,0.0,0.0,0.0,0.0,-0.5854800936768156,85.4,-0.813008130081283,85.76666666666667,0.35118845843006674,-0.11778563015313326,medium
2002-06-01,84.8,0.0,0.0,0.0,0.0,0.0,0.0,0.0,0.0,0.0,0.0,0.0,0.0,0.0,0.0,0.0,0.0,-0.11778563015313326,84.9,-0.5854800936768156,85.46666666666665,0.602771377335125,0.0,medium
2002-07-01,84.8,0.0,0.0,0.0,0.0,0.0,0.0,0.0,0.0,0.0,0.0,0.0,0.0,0.0,0.0,0.0,0.0,0.0,84.8,-0.11778563015313326,85.03333333333335,0.32145502536823395,-0.2358490566037763,low
2002-08-01,84.6,0.0,0.0,0.0,0.0,0.0,0.0,0.0,0.0,0.0,0.0,0.0,0.0,0.0,0.0,0.0,0.0,-0.2358490566037763,84.8,0.0,84.83333333333333,0.05773502692895955,0.0,medium
2002-09-01,84.6,0.0,0.0,0.0,0.0,0.0,0.0,0.0,0.0,0.0,0.0,0.0,0.0,0.0,0.0,0.0,0.0,0.0,84.6,-0.2358490566037763,84.73333333333333,0.11547005384291154,-0.35460992907800915,low
2002-10-01,84.3,0.0,0.0,0.0,0.0,0.0,0.0,0.0,0.0,0.0,0.0,0.0,0.0,0.0,0.0,0.0,0.0,-0.35460992907800915,84.6,0.0,84.66666666666667,0.1154700538429064,0.0,medium
2002-11-01,84.3,0.0,0.0,0.0,0.0,0.0,0.0,0.0,0.0,0.0,0.0,0.0,0.0,0.0,0.0,0.0,0.0,0.0,84.3,-0.35460992907800915,84.49999999999999,0.17320508076020652,-1.542111506524313,low
2002-12-01,83.0,0.0,0.0,0.0,0.0,0.0,0.0,0.0,0.0,0.0,0.0,0.0,0.0,0.0,0.0,0.0,0.0,-1.542111506524313,84.3,0.0,84.39999999999999,0.17320508076021163,-0.24096385542169418,low
2003-01-01,82.8,0.0,0.0,0.0,0.0,0.0,0.0,0.0,0.0,0.0,0.0,0.0,0.0,0.0,0.0,0.0,0.0,-0.24096385542169418,83.0,-1.542111506524313,83.86666666666667,0.7505553499472895,-0.48309178743960457,low
2003-02-01,82.4,0.0,0.0,0.0,0.0,0.0,0.0,0.0,0.0,0.0,0.0,0.0,0.0,0.0,0.0,0.0,0.0,-0.48309178743960457,82.8,-0.24096385542169418,83.36666666666666,0.8144527815254302,0.0,medium
2003-03-01,82.4,0.0,0.0,0.0,0.0,0.0,0.0,0.0,0.0,0.0,0.0,0.0,0.0,0.0,0.0,0.0,0.0,0.0,82.4,-0.48309178743960457,82.73333333333333,0.3055050463323319,0.24271844660193054,high
2003-04-01,82.6,0.0,0.0,0.0,0.0,0.0,0.0,0.0,0.0,0.0,0.0,0.0,0.0,0.0,0.0,0.0,0.0,0.24271844660193054,82.4,0.0,82.53333333333333,0.23094010767841558,0.1210653753026758,high
2003-05-01,82.7,0.0,0.0,0.0,0.0,0.0,0.0,0.0,0.0,0.0,0.0,0.0,0.0,0.0,0.0,0.0,0.0,0.1210653753026758,82.6,0.24271844660193054,82.46666666666667,0.11547005384305487,-0.7255139056832061,low
2003-06-01,82.1,0.0,0.0,0.0,0.0,0.0,0.0,0.0,0.0,0.0,0.0,0.0,0.0,0.0,0.0,0.0,0.0,-0.7255139056832061,82.7,0.1210653753026758,82.56666666666666,0.1527525231690764,0.0,medium
2003-07-01,82.1,0.0,0.0,0.0,0.0,0.0,0.0,0.0,0.0,0.0,0.0,0.0,0.0,0.0,0.0,0.0,0.0,0.0,82.1,-0.7255139056832061,82.46666666666665,0.3214550253682764,-2.5578562728379994,low
2003-08-01,80.0,0.0,0.0,0.0,0.0,0.0,0.0,0.0,0.0,0.0,0.0,0.0,0.0,0.0,0.0,0.0,0.0,-2.5578562728379994,82.1,0.0,82.3,0.34641016151547965,-1.1250000000000093,low
2003-09-01,79.1,0.0,0.0,0.0,0.0,0.0,0.0,0.0,0.0,0.0,0.0,0.0,0.0,0.0,0.0,0.0,0.0,-1.1250000000000093,80.0,-2.5578562728379994,81.39999999999999,1.2124355652986758,0.0,medium
2003-10-01,79.1,0.0,0.0,0.0,0.0,0.0,0.0,0.0,0.0,0.0,0.0,0.0,0.0,0.0,0.0,0.0,0.0,0.0,79.1,-1.1250000000000093,80.39999999999999,1.5394804318344122,0.25284450063212116,high
2003-11-01,79.3,0.0,0.0,0.0,0.0,0.0,0.0,0.0,0.0,0.0,0.0,0.0,0.0,0.0,0.0,0.0,0.0,0.25284450063212116,79.1,0.0,79.39999999999999,0.5196152422716418,-1.134930643127352,low
2003-12-01,78.4,0.0,0.0,0.0,0.0,0.0,0.0,0.0,0.0,0.0,0.0,0.0,0.0,0.0,0.0,0.0,0.0,-1.134930643127352,79.3,0.25284450063212116,79.16666666666667,0.11547005384225825,-0.8928571428571508,low
2004-01-01,77.7,0.0,0.0,0.0,0.0,0.0,0.0,0.0,0.0,0.0,0.0,0.0,0.0,0.0,0.0,0.0,0.0,-0.8928571428571508,78.4,-1.134930643127352,78.93333333333332,0.4725815626262961,0.9009009009009139,high
2004-02-01,78.4,0.0,0.0,0.0,0.0,0.0,0.0,0.0,0.0,0.0,0.0,0.0,0.0,0.0,0.0,0.0,0.0,0.9009009009009139,77.7,-0.8928571428571508,78.46666666666665,0.802080627701652,-0.3826530612245027,low
2004-03-01,78.1,0.0,0.0,0.0,0.0,0.0,0.0,0.0,0.0,0.0,0.0,0.0,0.0,0.0,0.0,0.0,0.0,-0.3826530612245027,78.4,0.9009009009009139,78.16666666666667,0.40414518843387776,0.8962868117797784,high
2004-04-01,78.8,0.0,0.0,0.0,0.0,0.0,0.0,0.0,0.0,0.0,0.0,0.0,0.0,0.0,0.0,0.0,0.0,0.8962868117797784,78.1,-0.3826530612245027,78.06666666666666,0.35118845842972224,-0.6345177664974666,low
2004-05-01,78.3,0.0,0.0,0.0,0.0,0.0,0.0,0.0,0.0,0.0,0.0,0.0,0.0,0.0,0.0,0.0,0.0,-0.6345177664974666,78.8,0.8962868117797784,78.43333333333334,0.35118845842977975,0.25542784163474774,high
2004-06-01,78.5,0.0,0.0,0.0,0.0,0.0,0.0,0.0,0.0,0.0,0.0,0.0,0.0,0.0,0.0,0.0,0.0,0.25542784163474774,78.3,-0.6345177664974666,78.39999999999999,0.3605551275477125,0.0,medium
2004-07-01,78.5,0.0,0.0,0.0,0.0,0.0,0.0,0.0,0.0,0.0,0.0,0.0,0.0,0.0,0.0,0.0,0.0,0.0,78.5,0.25542784163474774,78.53333333333335,0.25166114784427634,-0.2547770700636942,low
2004-08-01,78.3,0.0,0.0,0.0,0.0,0.0,0.0,0.0,0.0,0.0,0.0,0.0,0.0,0.0,0.0,0.0,0.0,-0.2547770700636942,78.5,0.0,78.43333333333334,0.11547005384205097,-0.12771392081736277,medium
2004-09-01,78.2,0.0,0.0,0.0,0.0,0.0,0.0,0.0,0.0,0.0,0.0,0.0,0.0,0.0,0.0,0.0,0.0,-0.12771392081736277,78.3,-0.2547770700636942,78.43333333333332,0.11547005384205097,0.12787723785165905,high
2004-10-01,78.3,0.0,0.0,0.0,0.0,0.0,0.0,0.0,0.0,0.0,0.0,0.0,0.0,0.0,0.0,0.0,0.0,0.12787723785165905,78.2,-0.12771392081736277,78.33333333333333,0.15275252316827798,-0.3831417624520994,low
2004-11-01,78.0,0.0,0.0,0.0,0.0,0.0,0.0,0.0,0.0,0.0,0.0,0.0,0.0,0.0,0.0,0.0,0.0,-0.3831417624520994,78.3,0.12787723785165905,78.26666666666667,0.057735026927059965,0.12820512820512775,high
2004-12-01,78.1,0.0,0.0,0.0,0.0,0.0,0.0,0.0,0.0,0.0,0.0,0.0,0.0,0.0,0.0,0.0,0.0,0.12820512820512775,78.0,-0.3831417624520994,78.16666666666667,0.1527525231682179,-0.5121638924455718,low
2005-01-01,77.7,0.0,0.0,0.0,0.0,0.0,0.0,0.0,0.0,0.0,0.0,0.0,0.0,0.0,0.0,0.0,0.0,-0.5121638924455718,78.1,0.12820512820512775,78.13333333333334,0.15275252316820667,-0.2574002574002643,low
2005-02-01,77.5,0.0,0.0,0.0,0.0,0.0,0.0,0.0,0.0,0.0,0.0,0.0,0.0,0.0,0.0,0.0,0.0,-0.2574002574002643,77.7,-0.5121638924455718,77.93333333333334,0.2081665999487799,-0.3870967741935405,low
2005-03-01,77.2,0.0,0.0,0.0,0.0,0.0,0.0,0.0,0.0,0.0,0.0,0.0,0.0,0.0,0.0,0.0,0.0,-0.3870967741935405,77.5,-0.2574002574002643,77.76666666666667,0.30550504633184394,-0.38860103626943143,low
2005-04-01,76.9,0.0,0.0,0.0,0.0,0.0,0.0,0.0,0.0,0.0,0.0,0.0,0.0,0.0,0.0,0.0,0.0,-0.38860103626943143,77.2,-0.3870967741935405,77.46666666666667,0.2516611478440815,-0.39011703511054874,low
2005-05-01,76.6,0.0,0.0,0.0,0.0,0.0,0.0,0.0,0.0,0.0,0.0,0.0,0.0,0.0,0.0,0.0,0.0,-0.39011703511054874,76.9,-0.38860103626943143,77.2,0.30000000000140814,-0.26109660574411553,low
2005-06-01,76.4,0.0,0.0,0.0,0.0,0.0,0.0,0.0,0.0,0.0,0.0,0.0,0.0,0.0,0.0,0.0,0.0,-0.26109660574411553,76.6,-0.39011703511054874,76.9,0.3000000000013655,0.2617801047120283,high
2005-07-01,76.6,0.0,0.0,0.0,0.0,0.0,0.0,0.0,0.0,0.0,0.0,0.0,0.0,0.0,0.0,0.0,0.0,0.2617801047120283,76.4,-0.26109660574411553,76.63333333333334,0.2516611478439216,0.26109660574413773,high
2005-08-01,76.8,0.0,0.0,0.0,0.0,0.0,0.0,0.0,0.0,0.0,0.0,0.0,0.0,0.0,0.0,0.0,0.0,0.26109660574413773,76.6,0.2617801047120283,76.53333333333333,0.11547005384127572,-0.7812499999999889,low
2005-09-01,76.2,0.0,0.0,0.0,0.0,0.0,0.0,0.0,0.0,0.0,0.0,0.0,0.0,0.0,0.0,0.0,0.0,-0.7812499999999889,76.8,0.26109660574413773,76.60000000000001,0.20000000000195056,-0.3937007874015741,low
2005-10-01,75.9,0.0,0.0,0.0,0.0,0.0,0.0,0.0,0.0,0.0,0.0,0.0,0.0,0.0,0.0,0.0,0.0,-0.3937007874015741,76.2,-0.7812499999999889,76.53333333333333,0.30550504633165676,-0.9222661396574461,low
2005-11-01,75.2,0.0,0.0,0.0,0.0,0.0,0.0,0.0,0.0,0.0,0.0,0.0,0.0,0.0,0.0,0.0,0.0,-0.9222661396574461,75.9,-0.3937007874015741,76.3,0.4582575694964036,-0.3989361702127603,low
2005-12-01,74.9,0.0,0.0,0.0,0.0,0.0,0.0,0.0,0.0,0.0,0.0,0.0,0.0,0.0,0.0,0.0,0.0,-0.3989361702127603,75.2,-0.9222661396574461,75.76666666666667,0.5131601439453729,-0.4005340453938744,low
2006-01-01,74.6,0.0,0.0,0.0,0.0,0.0,0.0,0.0,0.0,0.0,0.0,0.0,0.0,0.0,0.0,0.0,0.0,-0.4005340453938744,74.9,-0.3989361702127603,75.33333333333333,0.5131601439453294,-0.40214477211796273,low
2006-02-01,74.3,0.0,0.0,0.0,0.0,0.0,0.0,0.0,0.0,0.0,0.0,0.0,0.0,0.0,0.0,0.0,0.0,-0.40214477211796273,74.6,-0.4005340453938744,74.89999999999999,0.3000000000010231,0.40376850605652326,high
2006-03-01,74.6,0.0,0.0,0.0,0.0,0.0,0.0,0.0,0.0,0.0,0.0,0.0,0.0,0.0,0.0,0.0,0.0,0.40376850605652326,74.3,-0.40214477211796273,74.60000000000001,0.30000000000096805,0.536193029490617,high
2006-04-01,75.0,0.0,0.0,0.0,0.0,0.0,0.0,0.0,0.0,0.0,0.0,0.0,0.0,0.0,0.0,0.0,0.0,0.536193029490617,74.6,0.40376850605652326,74.49999999999999,0.17320508075852775,0.2666666666666595,high
2006-05-01,75.2,0.0,0.0,0.0,0.0,0.0,0.0,0.0,0.0,0.0,0.0,0.0,0.0,0.0,0.0,0.0,0.0,0.2666666666666595,75.0,0.536193029490617,74.63333333333333,0.35118845842926255,-0.13297872340426453,medium
2006-06-01,75.1,0.0,0.0,0.0,0.0,0.0,0.0,0.0,0.0,0.0,0.0,0.0,0.0,0.0,0.0,0.0,0.0,-0.13297872340426453,75.2,0.2666666666666595,74.93333333333334,0.3055050463314264,0.26631158455392434,high
2006-07-01,75.3,0.0,0.0,0.0,0.0,0.0,0.0,0.0,0.0,0.0,0.0,0.0,0.0,0.0,0.0,0.0,0.0,0.26631158455392434,75.1,-0.13297872340426453,75.10000000000001,0.10000000000328661,0.0,medium
2006-08-01,75.3,0.0,0.0,0.0,0.0,0.0,0.0,0.0,0.0,0.0,0.0,0.0,0.0,0.0,0.0,0.0,0.0,0.0,75.3,0.26631158455392434,75.2,0.10000000000336298,0.6640106241699861,high
2006-09-01,75.8,0.0,0.0,0.0,0.0,0.0,0.0,0.0,0.0,0.0,0.0,0.0,0.0,0.0,0.0,0.0,0.0,0.6640106241699861,75.3,0.0,75.23333333333333,0.11547005384086056,-0.395778364116095,low
2006-10-01,75.5,0.0,0.0,0.0,0.0,0.0,0.0,0.0,0.0,0.0,0.0,0.0,0.0,0.0,0.0,0.0,0.0,-0.395778364116095,75.8,0.6640106241699861,75.46666666666667,0.2886751345960467,-0.13245033112582183,medium
2006-11-01,75.4,0.0,0.0,0.0,0.0,0.0,0.0,0.0,0.0,0.0,0.0,0.0,0.0,0.0,0.0,0.0,0.0,-0.13245033112582183,75.5,-0.395778364116095,75.53333333333333,0.2516611478437937,0.2652519893899141,high
2006-12-01,75.6,0.0,0.0,0.0,0.0,0.0,0.0,0.0,0.0,0.0,0.0,0.0,0.0,0.0,0.0,0.0,0.0,0.2652519893899141,75.4,-0.13245033112582183,75.56666666666668,0.2081665999483537,-0.2645502645502451,low
2007-01-01,75.4,0.0,0.0,0.0,0.0,0.0,0.0,0.0,0.0,0.0,0.0,0.0,0.0,0.0,0.0,0.0,0.0,-0.2645502645502451,75.6,0.2652519893899141,75.5,0.1000000000035762,-3.7135278514588976,low
2007-02-01,72.6,0.0,0.0,0.0,0.0,0.0,0.0,0.0,0.0,0.0,0.0,0.0,0.0,0.0,0.0,0.0,0.0,-3.7135278514588976,75.4,-0.2645502645502451,75.46666666666667,0.11547005384100316,-1.377410468319562,low
2007-03-01,71.6,0.0,0.0,0.0,0.0,0.0,0.0,0.0,0.0,0.0,0.0,0.0,0.0,0.0,0.0,0.0,0.0,-1.377410468319562,72.6,-3.7135278514588976,74.53333333333333,1.6772994167213982,-0.13966480446926388,medium
2007-04-01,71.5,0.0,0.0,0.0,0.0,0.0,0.0,0.0,0.0,0.0,0.0,0.0,0.0,0.0,0.0,0.0,0.0,-0.13966480446926388,71.6,-1.377410468319562,73.2,1.96977156035934,-1.1188811188811099,low
2007-05-01,70.7,0.0,0.0,0.0,0.0,0.0,0.0,0.0,0.0,0.0,0.0,0.0,0.0,0.0,0.0,0.0,0.0,-1.1188811188811099,71.5,-0.13966480446926388,71.89999999999999,0.6082762530300649,0.4243281471004279,high
2007-06-01,71.0,0.0,0.0,0.0,0.0,0.0,0.0,0.0,0.0,0.0,0.0,0.0,0.0,0.0,0.0,0.0,0.0,0.4243281471004279,70.7,-1.1188811188811099,71.26666666666667,0.4932882862318659,-1.6901408450704314,low
2007-07-01,69.8,0.0,0.0,0.0,0.0,0.0,0.0,0.0,0.0,0.0,0.0,0.0,0.0,0.0,0.0,0.0,0.0,-1.6901408450704314,71.0,0.4243281471004279,71.06666666666666,0.40414518843301667,-1.002865329512903,low
2007-08-01,69.1,0.0,0.0,0.0,0.0,0.0,0.0,0.0,0.0,0.0,0.0,0.0,0.0,0.0,0.0,0.0,0.0,-1.002865329512903,69.8,-1.6901408450704314,70.5,0.62449979983999,-0.8683068017366069,low
2007-09-01,68.5,0.0,0.0,0.0,0.0,0.0,0.0,0.0,0.0,0.0,0.0,0.0,0.0,0.0,0.0,0.0,0.0,-0.8683068017366069,69.1,-1.002865329512903,69.96666666666667,0.9609023536933753,-1.0218978102189857,low
2007-10-01,67.8,0.0,0.0,0.0,0.0,0.0,0.0,0.0,0.0,0.0,0.0,0.0,0.0,0.0,0.0,0.0,0.0,-1.0218978102189857,68.5,-0.8683068017366069,69.13333333333333,0.6506407098647887,-0.4424778761061954,low
2007-11-01,67.5,0.0,0.0,0.0,0.0,0.0,0.0,0.0,0.0,0.0,0.0,0.0,0.0,0.0,0.0,0.0,0.0,-0.4424778761061954,67.8,-1.0218978102189857,68.46666666666665,0.6506407098647141,-0.8888888888888835,low
2007-12-01,66.9,0.0,0.0,0.0,0.0,0.0,0.0,0.0,0.0,0.0,0.0,0.0,0.0,0.0,0.0,0.0,0.0,-0.8888888888888835,67.5,-0.4424778761061954,67.93333333333334,0.5131601439445369,-0.2989536621823663,low
2008-01-01,66.7,0.0,0.0,0.0,0.0,0.0,0.0,0.0,0.0,0.0,0.0,0.0,0.0,0.0,0.0,0.0,0.0,-0.2989536621823663,66.9,-0.8888888888888835,67.39999999999999,0.4582575694953186,0.0,medium
2008-02-01,66.7,0.0,0.0,0.0,0.0,0.0,0.0,0.0,0.0,0.0,0.0,0.0,0.0,0.0,0.0,0.0,0.0,0.0,66.7,-0.2989536621823663,67.03333333333333,0.4163331998928729,0.0,medium
2008-03-01,66.7,0.0,0.0,0.0,0.0,0.0,0.0,0.0,0.0,0.0,0.0,0.0,0.0,0.0,0.0,0.0,0.0,0.0,66.7,0.0,66.76666666666667,0.11547005383648674,-0.14992503748126884,medium
2008-04-01,66.6,0.0,0.0,0.0,0.0,0.0,0.0,0.0,0.0,0.0,0.0,0.0,0.0,0.0,0.0,0.0,0.0,-0.14992503748126884,66.7,0.0,66.7,0.0,0.0,medium
2008-05-01,66.6,0.0,0.0,0.0,0.0,0.0,0.0,0.0,0.0,0.0,0.0,0.0,0.0,0.0,0.0,0.0,0.0,0.0,66.6,-0.14992503748126884,66.66666666666667,0.05773502691596227,0.0,medium
2008-06-01,66.6,0.0,0.0,0.0,0.0,0.0,0.0,0.0,0.0,0.0,0.0,0.0,0.0,0.0,0.0,0.0,0.0,0.0,66.6,0.0,66.63333333333334,0.057735026915918176,-0.6006006006005871,low
2008-07-01,66.2,0.0,0.0,0.0,0.0,0.0,0.0,0.0,0.0,0.0,0.0,0.0,0.0,0.0,0.0,0.0,0.0,-0.6006006006005871,66.6,0.0,66.6,0.0,-0.30211480362538623,low
2008-08-01,66.0,0.0,0.0,0.0,0.0,0.0,0.0,0.0,0.0,0.0,0.0,0.0,0.0,0.0,0.0,0.0,0.0,-0.30211480362538623,66.2,-0.6006006006005871,66.46666666666665,0.23094010767503997,-0.303030303030305,low
2008-09-01,65.8,0.0,0.0,0.0,0.0,0.0,0.0,0.0,0.0,0.0,0.0,0.0,0.0,0.0,0.0,0.0,0.0,-0.303030303030305,66.0,-0.30211480362538623,66.26666666666667,0.3055050463297453,0.45592705167172287,high
2008-10-01,66.1,0.0,0.0,0.0,0.0,0.0,0.0,0.0,0.0,0.0,0.0,0.0,0.0,0.0,0.0,0.0,0.0,0.45592705167172287,65.8,-0.303030303030305,66.0,0.19999999999897217,-0.45385779122540937,low
2008-11-01,65.8,0.0,0.0,0.0,0.0,0.0,0.0,0.0,0.0,0.0,0.0,0.0,0.0,0.0,0.0,0.0,0.0,-0.45385779122540937,66.1,0.45592705167172287,65.96666666666667,0.15275252316383728,-0.6079027355622935,low
2008-12-01,65.4,0.0,0.0,0.0,0.0,0.0,0.0,0.0,0.0,0.0,0.0,0.0,0.0,0.0,0.0,0.0,0.0,-0.6079027355622935,65.8,-0.45385779122540937,65.89999999999999,0.17320508075566451,-0.9174311926605672,low
2009-01-01,64.8,0.0,0.0,0.0,0.0,0.0,0.0,0.0,0.0,0.0,0.0,0.0,0.0,0.0,0.0,0.0,0.0,-0.9174311926605672,65.4,-0.6079027355622935,65.76666666666667,0.35118845842779256,0.30864197530864335,high
2009-02-01,65.0,0.0,0.0,0.0,0.0,0.0,0.0,0.0,0.0,0.0,0.0,0.0,0.0,0.0,0.0,0.0,0.0,0.30864197530864335,64.8,-0.9174311926605672,65.33333333333333,0.5033222956842234,0.4615384615384466,high
2009-03-01,65.3,0.0,0.0,0.0,0.0,0.0,0.0,0.0,0.0,0.0,0.0,0.0,0.0,0.0,0.0,0.0,0.0,0.4615384615384466,65.0,0.30864197530864335,65.06666666666666,0.3055050463295211,0.15313935681471325,high
2009-04-01,65.4,0.0,0.0,0.0,0.0,0.0,0.0,0.0,0.0,0.0,0.0,0.0,0.0,0.0,0.0,0.0,0.0,0.15313935681471325,65.3,0.4615384615384466,65.03333333333335,0.25166114784129273,0.1529051987767538,high
2009-05-01,65.5,0.0,0.0,0.0,0.0,0.0,0.0,0.0,0.0,0.0,0.0,0.0,0.0,0.0,0.0,0.0,0.0,0.1529051987767538,65.4,0.15313935681471325,65.23333333333333,0.20816659994540562,-0.15267175572518665,medium
2009-06-01,65.4,0.0,0.0,0.0,0.0,0.0,0.0,0.0,0.0,0.0,0.0,0.0,0.0,0.0,0.0,0.0,0.0,-0.15267175572518665,65.5,0.1529051987767538,65.39999999999999,0.09999999999763526,0.3058103975535076,high
2009-07-01,65.6,0.0,0.0,0.0,0.0,0.0,0.0,0.0,0.0,0.0,0.0,0.0,0.0,0.0,0.0,0.0,0.0,0.3058103975535076,65.4,-0.15267175572518665,65.43333333333334,0.05773502691491739,-0.1524390243902385,medium
2009-08-01,65.5,0.0,0.0,0.0,0.0,0.0,0.0,0.0,0.0,0.0,0.0,0.0,0.0,0.0,0.0,0.0,0.0,-0.1524390243902385,65.6,0.3058103975535076,65.5,0.0999999999977294,0.0,medium
2009-09-01,65.5,0.0,0.0,0.0,0.0,0.0,0.0,0.0,0.0,0.0,0.0,0.0,0.0,0.0,0.0,0.0,0.0,0.0,65.5,-0.1524390243902385,65.5,0.0999999999977294,0.15267175572517555,high
2009-10-01,65.6,0.0,0.0,0.0,0.0,0.0,0.0,0.0,0.0,0.0,0.0,0.0,0.0,0.0,0.0,0.0,0.0,0.15267175572517555,65.5,0.0,65.53333333333332,0.057735026915095834,0.1524390243902607,high
2009-11-01,65.7,0.0,0.0,0.0,0.0,0.0,0.0,0.0,0.0,0.0,0.0,0.0,0.0,0.0,0.0,0.0,0.0,0.1524390243902607,65.6,0.15267175572517555,65.53333333333335,0.057735026915095834,-0.45662100456620447,low
2009-12-01,65.4,0.0,0.0,0.0,0.0,0.0,0.0,0.0,0.0,0.0,0.0,0.0,0.0,0.0,0.0,0.0,0.0,-0.45662100456620447,65.7,0.1524390243902607,65.60000000000001,0.09999999999783599,-1.2232415902140858,low
2010-01-01,64.6,0.0,0.0,0.0,0.0,0.0,0.0,0.0,0.0,0.0,0.0,0.0,0.0,0.0,0.0,0.0,0.0,-1.2232415902140858,65.4,-0.45662100456620447,65.56666666666668,0.1527525231637544,0.1547987616099311,high
2010-02-01,64.7,0.0,0.0,0.0,0.0,0.0,0.0,0.0,0.0,0.0,0.0,0.0,0.0,0.0,0.0,0.0,0.0,0.1547987616099311,64.6,-1.2232415902140858,65.23333333333333,0.5686240703072994,0.0,medium
2010-03-01,64.7,0.0,0.0,0.0,0.0,0.0,0.0,0.0,0.0,0.0,0.0,0.0,0.0,0.0,0.0,0.0,0.0,0.0,64.7,0.1547987616099311,64.89999999999999,0.43588989435343567,-0.15455950540959051,medium
2010-04-01,64.6,0.0,0.0,0.0,0.0,0.0,0.0,0.0,0.0,0.0,0.0,0.0,0.0,0.0,0.0,0.0,0.0,-0.15455950540959051,64.7,0.0,64.66666666666667,0.05773502691384799,0.0,medium
2010-05-01,64.6,0.0,0.0,0.0,0.0,0.0,0.0,0.0,0.0,0.0,0.0,0.0,0.0,0.0,0.0,0.0,0.0,0.0,64.6,-0.15455950540959051,64.66666666666667,0.05773502691384799,-0.6191950464396134,low
2010-06-01,64.2,0.0,0.0,0.0,0.0,0.0,0.0,0.0,0.0,0.0,0.0,0.0,0.0,0.0,0.0,0.0,0.0,-0.6191950464396134,64.6,0.0,64.63333333333334,0.057735026913803895,0.15576323987538387,high
2010-07-01,64.3,0.0,0.0,0.0,0.0,0.0,0.0,0.0,0.0,0.0,0.0,0.0,0.0,0.0,0.0,0.0,0.0,0.15576323987538387,64.2,-0.6191950464396134,64.46666666666665,0.23094010767450115,-0.7776049766718529,low
2010-08-01,63.8,0.0,0.0,0.0,0.0,0.0,0.0,0.0,0.0,0.0,0.0,0.0,0.0,0.0,0.0,0.0,0.0,-0.7776049766718529,64.3,0.15576323987538387,64.36666666666666,0.20816659994508113,-0.470219435736674,low
2010-09-01,63.5,0.0,0.0,0.0,0.0,0.0,0.0,0.0,0.0,0.0,0.0,0.0,0.0,0.0,0.0,0.0,0.0,-0.470219435736674,63.8,-0.7776049766718529,64.10000000000001,0.26457513110518605,-0.47244094488188004,low
2010-10-01,63.2,0.0,0.0,0.0,0.0,0.0,0.0,0.0,0.0,0.0,0.0,0.0,0.0,0.0,0.0,0.0,0.0,-0.47244094488188004,63.5,-0.470219435736674,63.866666666666674,0.40414518843186165,-1.5822784810126556,low
2010-11-01,62.2,0.0,0.0,0.0,0.0,0.0,0.0,0.0,0.0,0.0,0.0,0.0,0.0,0.0,0.0,0.0,0.0,-1.5822784810126556,63.2,-0.47244094488188004,63.5,0.2999999999987305,-0.4823151125401992,low
2010-12-01,61.9,0.0,0.0,0.0,0.0,0.0,0.0,0.0,0.0,0.0,0.0,0.0,0.0,0.0,0.0,0.0,0.0,-0.4823151125401992,62.2,-1.5822784810126556,62.96666666666667,0.6806859285547854,0.0,medium
2011-01-01,61.9,0.0,0.0,0.0,0.0,0.0,0.0,0.0,0.0,0.0,0.0,0.0,0.0,0.0,0.0,0.0,0.0,0.0,61.9,-0.4823151125401992,62.43333333333334,0.6806859285547318,0.4846526655896577,high
2011-02-01,62.2,0.0,0.0,0.0,0.0,0.0,0.0,0.0,0.0,0.0,0.0,0.0,0.0,0.0,0.0,0.0,0.0,0.4846526655896577,61.9,0.0,62.0,0.17320508075405694,-0.1607717041800627,medium
2011-03-01,62.1,0.0,0.0,0.0,0.0,0.0,0.0,0.0,0.0,0.0,0.0,0.0,0.0,0.0,0.0,0.0,0.0,-0.1607717041800627,62.2,0.4846526655896577,62.0,0.17320508075405694,-0.16103059581320522,medium
2011-04-01,62.0,0.0,0.0,0.0,0.0,0.0,0.0,0.0,0.0,0.0,0.0,0.0,0.0,0.0,0.0,0.0,0.0,-0.16103059581320522,62.1,-0.1607717041800627,62.06666666666666,0.1527525231620166,0.0,medium
2011-05-01,62.0,0.0,0.0,0.0,0.0,0.0,0.0,0.0,0.0,0.0,0.0,0.0,0.0,0.0,0.0,0.0,0.0,0.0,62.0,-0.16103059581320522,62.1,0.09999999999516841,0.1612903225806539,high
2011-06-01,62.1,0.0,0.0,0.0,0.0,0.0,0.0,0.0,0.0,0.0,0.0,0.0,0.0,0.0,0.0,0.0,0.0,0.1612903225806539,62.0,0.0,62.03333333333333,0.057735026910521604,-0.48309178743961567,low
2011-07-01,61.8,0.0,0.0,0.0,0.0,0.0,0.0,0.0,0.0,0.0,0.0,0.0,0.0,0.0,0.0,0.0,0.0,-0.48309178743961567,62.1,0.1612903225806539,62.03333333333334,0.057735026910521604,-0.3236245954692518,low
2011-08-01,61.6,0.0,0.0,0.0,0.0,0.0,0.0,0.0,0.0,0.0,0.0,0.0,0.0,0.0,0.0,0.0,0.0,-0.3236245954692518,61.8,-0.48309178743961567,61.96666666666667,0.1527525231619796,-1.1363636363636465,low
2011-09-01,60.9,0.0,0.0,0.0,0.0,0.0,0.0,0.0,0.0,0.0,0.0,0.0,0.0,0.0,0.0,0.0,0.0,-1.1363636363636465,61.6,-0.3236245954692518,61.833333333333336,0.2516611478403738,0.3284072249589487,high
2011-10-01,61.1,0.0,0.0,0.0,0.0,0.0,0.0,0.0,0.0,0.0,0.0,0.0,0.0,0.0,0.0,0.0,0.0,0.3284072249589487,60.9,-1.1363636363636465,61.43333333333334,0.4725815626241537,-0.6546644844517169,low
2011-11-01,60.7,0.0,0.0,0.0,0.0,0.0,0.0,0.0,0.0,0.0,0.0,0.0,0.0,0.0,0.0,0.0,0.0,-0.6546644844517169,61.1,0.3284072249589487,61.199999999999996,0.36055512754491204,-0.8237232289950547,low
2011-12-01,60.2,0.0,0.0,0.0,0.0,0.0,0.0,0.0,0.0,0.0,0.0,0.0,0.0,0.0,0.0,0.0,0.0,-0.8237232289950547,60.7,-0.6546644844517169,60.900000000000006,0.19999999999722956,-0.830564784053156,low
2012-01-01,59.7,0.0,0.0,0.0,0.0,0.0,0.0,0.0,0.0,0.0,0.0,0.0,0.0,0.0,0.0,0.0,0.0,-0.830564784053156,60.2,-0.8237232289950547,60.666666666666664,0.45092497528103365,0.16750418760467234,high
2012-02-01,59.8,0.0,0.0,0.0,0.0,0.0,0.0,0.0,0.0,0.0,0.0,0.0,0.0,0.0,0.0,0.0,0.0,0.16750418760467234,59.7,-0.830564784053156,60.20000000000001,0.4999999999988208,-0.16722408026754731,medium
2012-03-01,59.7,0.0,0.0,0.0,0.0,0.0,0.0,0.0,0.0,0.0,0.0,0.0,0.0,0.0,0.0,0.0,0.0,-0.16722408026754731,59.8,0.16750418760467234,59.9,0.26457513110416886,0.16750418760467234,high
2012-04-01,59.8,0.0,0.0,0.0,0.0,0.0,0.0,0.0,0.0,0.0,0.0,0.0,0.0,0.0,0.0,0.0,0.0,0.16750418760467234,59.7,-0.16722408026754731,59.73333333333334,0.057735026908295684,0.33444816053511683,high
2012-05-01,60.0,0.0,0.0,0.0,0.0,0.0,0.0,0.0,0.0,0.0,0.0,0.0,0.0,0.0,0.0,0.0,0.0,0.33444816053511683,59.8,0.16750418760467234,59.76666666666666,0.05773502690832748,-0.5000000000000004,low
2012-06-01,59.7,0.0,0.0,0.0,0.0,0.0,0.0,0.0,0.0,0.0,0.0,0.0,0.0,0.0,0.0,0.0,0.0,-0.5000000000000004,60.0,0.33444816053511683,59.833333333333336,0.15275252316120125,-0.16750418760469454,medium
2012-07-01,59.6,0.0,0.0,0.0,0.0,0.0,0.0,0.0,0.0,0.0,0.0,0.0,0.0,0.0,0.0,0.0,0.0,-0.16750418760469454,59.7,-0.5000000000000004,59.833333333333336,0.15275252316120125,-0.3355704697986628,low
2012-08-01,59.4,0.0,0.0,0.0,0.0,0.0,0.0,0.0,0.0,0.0,0.0,0.0,0.0,0.0,0.0,0.0,0.0,-0.3355704697986628,59.6,-0.16750418760469454,59.76666666666667,0.20816659994366124,-0.16835016835017313,medium
2012-09-01,59.3,0.0,0.0,0.0,0.0,0.0,0.0,0.0,0.0,0.0,0.0,0.0,0.0,0.0,0.0,0.0,0.0,-0.16835016835017313,59.4,-0.3355704697986628,59.56666666666667,0.15275252316108592,0.0,medium
2012-10-01,59.3,0.0,0.0,0.0,0.0,0.0,0.0,0.0,0.0,0.0,0.0,0.0,0.0,0.0,0.0,0.0,0.0,0.0,59.3,-0.16835016835017313,59.43333333333333,0.1527525231610247,-0.3372681281618828,low
2012-11-01,59.1,0.0,0.0,0.0,0.0,0.0,0.0,0.0,0.0,0.0,0.0,0.0,0.0,0.0,0.0,0.0,0.0,-0.3372681281618828,59.3,0.0,59.333333333333336,0.05773502690780802,-0.5076142131979822,low
2012-12-01,58.8,0.0,0.0,0.0,0.0,0.0,0.0,0.0,0.0,0.0,0.0,0.0,0.0,0.0,0.0,0.0,0.0,-0.5076142131979822,59.1,-0.3372681281618828,59.23333333333333,0.11547005383228398,0.1700680272108901,high
2013-01-01,58.9,0.0,0.0,0.0,0.0,0.0,0.0,0.0,0.0,0.0,0.0,0.0,0.0,0.0,0.0,0.0,0.0,0.1700680272108901,58.8,-0.5076142131979822,59.06666666666666,0.25166114783972643,0.0,medium
2013-02-01,58.9,0.0,0.0,0.0,0.0,0.0,0.0,0.0,0.0,0.0,0.0,0.0,0.0,0.0,0.0,0.0,0.0,0.0,58.9,0.1700680272108901,58.93333333333333,0.1527525231608014,-0.3395585738539819,low
2013-03-01,58.7,0.0,0.0,0.0,0.0,0.0,0.0,0.0,0.0,0.0,0.0,0.0,0.0,0.0,0.0,0.0,0.0,-0.3395585738539819,58.9,0.0,58.86666666666667,0.05773502690725674,0.6814310051107331,high
2013-04-01,59.1,0.0,0.0,0.0,0.0,0.0,0.0,0.0,0.0,0.0,0.0,0.0,0.0,0.0,0.0,0.0,0.0,0.6814310051107331,58.7,-0.3395585738539819,58.833333333333336,0.11547005383204885,0.50761421319796,high
2013-05-01,59.4,0.0,0.0,0.0,0.0,0.0,0.0,0.0,0.0,0.0,0.0,0.0,0.0,0.0,0.0,0.0,0.0,0.50761421319796,59.1,0.6814310051107331,58.9,0.19999999999663406,0.0,medium
2013-06-01,59.4,0.0,0.0,0.0,0.0,0.0,0.0,0.0,0.0,0.0,0.0,0.0,0.0,0.0,0.0,0.0,0.0,0.0,59.4,0.50761421319796,59.06666666666666,0.35118845842654484,0.16835016835017313,high
2013-07-01,59.5,0.0,0.0,0.0,0.0,0.0,0.0,0.0,0.0,0.0,0.0,0.0,0.0,0.0,0.0,0.0,0.0,0.16835016835017313,59.4,0.0,59.300000000000004,0.1732050807531924,-0.1680672268907557,medium
2013-08-01,59.4,0.0,0.0,0.0,0.0,0.0,0.0,0.0,0.0,0.0,0.0,0.0,0.0,0.0,0.0,0.0,0.0,-0.1680672268907557,59.5,0.16835016835017313,59.43333333333334,0.05773502690809156,-0.33670033670032407,low
2013-09-01,59.2,0.0,0.0,0.0,0.0,0.0,0.0,0.0,0.0,0.0,0.0,0.0,0.0,0.0,0.0,0.0,0.0,-0.33670033670032407,59.4,-0.1680672268907557,59.43333333333334,0.05773502690809156,0.16891891891890332,high
2013-10-01,59.3,0.0,0.0,0.0,0.0,0.0,0.0,0.0,0.0,0.0,0.0,0.0,0.0,0.0,0.0,0.0,0.0,0.16891891891890332,59.2,-0.33670033670032407,59.36666666666667,0.15275252316104598,0.1686340640809414,high
2013-11-01,59.4,0.0,0.0,0.0,0.0,0.0,0.0,0.0,0.0,0.0,0.0,0.0,0.0,0.0,0.0,0.0,0.0,0.1686340640809414,59.3,0.16891891891890332,59.29999999999999,0.09999999999360525,0.0,medium
2013-12-01,59.4,0.0,0.0,0.0,0.0,0.0,0.0,0.0,0.0,0.0,0.0,0.0,0.0,0.0,0.0,0.0,0.0,0.0,59.4,0.1686340640809414,59.300000000000004,0.09999999999360525,-0.8417508417508435,low
2014-01-01,58.9,0.0,0.0,0.0,0.0,0.0,0.0,0.0,0.0,0.0,0.0,0.0,0.0,0.0,0.0,0.0,0.0,-0.8417508417508435,59.4,0.0,59.36666666666667,0.05773502690799412,-0.1697792869269965,medium
2014-02-01,58.8,0.0,0.0,0.0,0.0,0.0,0.0,0.0,0.0,0.0,0.0,0.0,0.0,0.0,0.0,0.0,0.0,-0.1697792869269965,58.9,-0.8417508417508435,59.23333333333333,0.2886751345925764,0.0,medium
2014-03-01,58.8,0.0,0.0,0.0,0.0,0.0,0.0,0.0,0.0,0.0,0.0,0.0,0.0,0.0,0.0,0.0,0.0,0.0,58.8,-0.1697792869269965,59.03333333333333,0.3214550253643658,-0.170068027210879,medium
2014-04-01,58.7,0.0,0.0,0.0,0.0,0.0,0.0,0.0,0.0,0.0,0.0,0.0,0.0,0.0,0.0,0.0,0.0,-0.170068027210879,58.8,0.0,58.833333333333336,0.05773502690712456,0.0,medium
2014-05-01,58.7,0.0,0.0,0.0,0.0,0.0,0.0,0.0,0.0,0.0,0.0,0.0,0.0,0.0,0.0,0.0,0.0,0.0,58.7,-0.170068027210879,58.76666666666666,0.05773502690700662,0.0,medium
2014-06-01,58.7,0.0,0.0,0.0,0.0,0.0,0.0,0.0,0.0,0.0,0.0,0.0,0.0,0.0,0.0,0.0,0.0,0.0,58.7,0.0,58.73333333333334,0.057735026906950204,0.17035775127767216,high
2014-07-01,58.8,0.0,0.0,0.0,0.0,0.0,0.0,0.0,0.0,0.0,0.0,0.0,0.0,0.0,0.0,0.0,0.0,0.17035775127767216,58.7,0.0,58.7,0.0,-0.170068027210879,medium
2014-08-01,58.7,0.0,0.0,0.0,0.0,0.0,0.0,0.0,0.0,0.0,0.0,0.0,0.0,0.0,0.0,0.0,0.0,-0.170068027210879,58.8,0.17035775127767216,58.73333333333334,0.057735026906950204,0.17035775127767216,high
2014-09-01,58.8,0.0,0.0,0.0,0.0,0.0,0.0,0.0,0.0,0.0,0.0,0.0,0.0,0.0,0.0,0.0,0.0,0.17035775127767216,58.7,-0.170068027210879,58.73333333333333,0.057735026906950204,0.0,medium
2014-10-01,58.8,0.0,0.0,0.0,0.0,0.0,0.0,0.0,0.0,0.0,0.0,0.0,0.0,0.0,0.0,0.0,0.0,0.0,58.8,0.17035775127767216,58.76666666666667,0.05773502690700662,-0.170068027210879,medium
2014-11-01,58.7,0.0,0.0,0.0,0.0,0.0,0.0,0.0,0.0,0.0,0.0,0.0,0.0,0.0,0.0,0.0,0.0,-0.170068027210879,58.8,0.0,58.76666666666666,0.05773502690700662,0.0,medium
2014-12-01,58.7,0.0,0.0,0.0,0.0,0.0,0.0,0.0,0.0,0.0,0.0,0.0,0.0,0.0,0.0,0.0,0.0,0.0,58.7,-0.170068027210879,58.76666666666667,0.05773502690700662,0.0,medium
2015-01-01,58.7,0.0,0.0,0.0,0.0,0.0,0.0,0.0,0.0,0.0,0.0,0.0,0.0,0.0,0.0,0.0,0.0,0.0,58.7,0.0,58.73333333333333,0.057735026906950204,0.0,medium
2015-02-01,58.7,0.0,0.0,0.0,0.0,0.0,0.0,0.0,0.0,0.0,0.0,0.0,0.0,0.0,0.0,0.0,0.0,0.0,58.7,0.0,58.7,0.0,-0.17035775127768327,medium
2015-03-01,58.6,0.0,0.0,0.0,0.0,0.0,0.0,0.0,0.0,0.0,0.0,0.0,0.0,0.0,0.0,0.0,0.0,-0.17035775127768327,58.7,0.0,58.7,0.0,0.0,medium
2015-04-01,58.6,0.0,0.0,0.0,0.0,0.0,0.0,0.0,0.0,0.0,0.0,0.0,0.0,0.0,0.0,0.0,0.0,0.0,58.6,-0.17035775127768327,58.666666666666664,0.057735026906839446,0.17064846416381396,high
2015-05-01,58.7,0.0,0.0,0.0,0.0,0.0,0.0,0.0,0.0,0.0,0.0,0.0,0.0,0.0,0.0,0.0,0.0,0.17064846416381396,58.6,0.0,58.63333333333333,0.05773502690678047,-0.6814310051107442,low
2015-06-01,58.3,0.0,0.0,0.0,0.0,0.0,0.0,0.0,0.0,0.0,0.0,0.0,0.0,0.0,0.0,0.0,0.0,-0.6814310051107442,58.7,0.17064846416381396,58.63333333333333,0.05773502690678047,0.17152658662091813,high
2015-07-01,58.4,0.0,0.0,0.0,0.0,0.0,0.0,0.0,0.0,0.0,0.0,0.0,0.0,0.0,0.0,0.0,0.0,0.17152658662091813,58.3,-0.6814310051107442,58.53333333333333,0.20816659994319037,-0.3424657534246478,low
2015-08-01,58.2,0.0,0.0,0.0,0.0,0.0,0.0,0.0,0.0,0.0,0.0,0.0,0.0,0.0,0.0,0.0,0.0,-0.3424657534246478,58.4,0.17152658662091813,58.46666666666667,0.20816659994315823,-0.1718213058419238,medium
2015-09-01,58.1,0.0,0.0,0.0,0.0,0.0,0.0,0.0,0.0,0.0,0.0,0.0,0.0,0.0,0.0,0.0,0.0,-0.1718213058419238,58.2,-0.3424657534246478,58.29999999999999,0.09999999999262862,0.0,medium
2015-10-01,58.1,0.0,0.0,0.0,0.0,0.0,0.0,0.0,0.0,0.0,0.0,0.0,0.0,0.0,0.0,0.0,0.0,0.0,58.1,-0.1718213058419238,58.23333333333334,0.15275252316032292,0.0,medium
2015-11-01,58.1,0.0,0.0,0.0,0.0,0.0,0.0,0.0,0.0,0.0,0.0,0.0,0.0,0.0,0.0,0.0,0.0,0.0,58.1,0.0,58.13333333333333,0.05773502690589029,-0.1721170395869165,medium
2015-12-01,58.0,0.0,0.0,0.0,0.0,0.0,0.0,0.0,0.0,0.0,0.0,0.0,0.0,0.0,0.0,0.0,0.0,-0.1721170395869165,58.1,0.0,58.1,0.0,-0.5172413793103403,low
2016-01-01,57.7,0.0,0.0,0.0,0.0,0.0,0.0,0.0,0.0,0.0,0.0,0.0,0.0,0.0,0.0,0.0,0.0,-0.5172413793103403,58.0,-0.1721170395869165,58.06666666666667,0.05773502690576721,-0.17331022530329143,medium
2016-02-01,57.6,0.0,0.0,0.0,0.0,0.0,0.0,0.0,0.0,0.0,0.0,0.0,0.0,0.0,0.0,0.0,0.0,-0.17331022530329143,57.7,-0.5172413793103403,57.93333333333334,0.20816659994288628,0.0,medium
2016-03-01,57.6,0.0,0.0,0.0,0.0,0.0,0.0,0.0,0.0,0.0,0.0,0.0,0.0,0.0,0.0,0.0,0.0,0.0,57.6,-0.17331022530329143,57.76666666666667,0.20816659994280096,-0.17361111111111605,medium
2016-04-01,57.5,0.0,0.0,0.0,0.0,0.0,0.0,0.0,0.0,0.0,0.0,0.0,0.0,0.0,0.0,0.0,0.0,-0.17361111111111605,57.6,0.0,57.63333333333333,0.05773502690496724,0.0,medium
2016-05-01,57.5,0.0,0.0,0.0,0.0,0.0,0.0,0.0,0.0,0.0,0.0,0.0,0.0,0.0,0.0,0.0,0.0,0.0,57.5,-0.17361111111111605,57.56666666666666,0.057735026904844174,0.0,medium
2016-06-01,57.5,0.0,0.0,0.0,0.0,0.0,0.0,0.0,0.0,0.0,0.0,0.0,0.0,0.0,0.0,0.0,0.0,0.0,57.5,0.0,57.53333333333333,0.0577350269047852,-0.17391304347826875,medium
2016-07-01,57.4,0.0,0.0,0.0,0.0,0.0,0.0,0.0,0.0,0.0,0.0,0.0,0.0,0.0,0.0,0.0,0.0,-0.17391304347826875,57.5,0.0,57.5,0.0,0.0,medium
2016-08-01,57.4,0.0,0.0,0.0,0.0,0.0,0.0,0.0,0.0,0.0,0.0,0.0,0.0,0.0,0.0,0.0,0.0,0.0,57.4,-0.17391304347826875,57.46666666666667,0.05773502690466931,-0.5226480836236891,low
2016-09-01,57.1,0.0,0.0,0.0,0.0,0.0,0.0,0.0,0.0,0.0,0.0,0.0,0.0,0.0,0.0,0.0,0.0,-0.5226480836236891,57.4,0.0,57.43333333333334,0.05773502690461034,-0.350262697022774,low
2016-10-01,56.9,0.0,0.0,0.0,0.0,0.0,0.0,0.0,0.0,0.0,0.0,0.0,0.0,0.0,0.0,0.0,0.0,-0.350262697022774,57.1,-0.5226480836236891,57.300000000000004,0.17320508075202515,0.0,medium
2016-11-01,56.9,0.0,0.0,0.0,0.0,0.0,0.0,0.0,0.0,0.0,0.0,0.0,0.0,0.0,0.0,0.0,0.0,0.0,56.9,-0.350262697022774,57.13333333333333,0.25166114783894755,0.0,medium
2016-12-01,56.9,0.0,0.0,0.0,0.0,0.0,0.0,0.0,0.0,0.0,0.0,0.0,0.0,0.0,0.0,0.0,0.0,0.0,56.9,0.0,56.96666666666666,0.11547005383035155,0.8787346221441172,high
2017-01-01,57.4,0.0,0.0,0.0,0.0,0.0,0.0,0.0,0.0,0.0,0.0,0.0,0.0,0.0,0.0,0.0,0.0,0.8787346221441172,56.9,0.0,56.9,0.0,-0.17421602787456303,medium
2017-02-01,57.3,0.0,0.0,0.0,0.0,0.0,0.0,0.0,0.0,0.0,0.0,0.0,0.0,0.0,0.0,0.0,0.0,-0.17421602787456303,57.4,0.8787346221441172,57.06666666666666,0.28867513459182115,0.0,medium
2017-03-01,57.3,0.0,0.0,0.0,0.0,0.0,0.0,0.0,0.0,0.0,0.0,0.0,0.0,0.0,0.0,0.0,0.0,0.0,57.3,-0.17421602787456303,57.199999999999996,0.26457513110324915,0.523560209424101,high
2017-04-01,57.6,0.0,0.0,0.0,0.0,0.0,0.0,0.0,0.0,0.0,0.0,0.0,0.0,0.0,0.0,0.0,0.0,0.523560209424101,57.3,0.0,57.333333333333336,0.05773502690450932,-0.17361111111111605,medium
2017-05-01,57.5,0.0,0.0,0.0,0.0,0.0,0.0,0.0,0.0,0.0,0.0,0.0,0.0,0.0,0.0,0.0,0.0,-0.17361111111111605,57.6,0.523560209424101,57.4,0.1732050807521173,-0.17391304347826875,medium
2017-06-01,57.4,0.0,0.0,0.0,0.0,0.0,0.0,0.0,0.0,0.0,0.0,0.0,0.0,0.0,0.0,0.0,0.0,-0.17391304347826875,57.5,-0.17361111111111605,57.46666666666667,0.15275252315983587,-1.3937282229965153,low
2017-07-01,56.6,0.0,0.0,0.0,0.0,0.0,0.0,0.0,0.0,0.0,0.0,0.0,0.0,0.0,0.0,0.0,0.0,-1.3937282229965153,57.4,-0.17391304347826875,57.5,0.09999999999185,-0.35335689045936647,low
2017-08-01,56.4,0.0,0.0,0.0,0.0,0.0,0.0,0.0,0.0,0.0,0.0,0.0,0.0,0.0,0.0,0.0,0.0,-0.35335689045936647,56.6,-1.3937282229965153,57.166666666666664,0.49328828622989085,-0.7092198581560294,low
2017-09-01,56.0,0.0,0.0,0.0,0.0,0.0,0.0,0.0,0.0,0.0,0.0,0.0,0.0,0.0,0.0,0.0,0.0,-0.7092198581560294,56.4,-0.35335689045936647,56.800000000000004,0.5291502622112186,0.0,medium
2017-10-01,56.0,0.0,0.0,0.0,0.0,0.0,0.0,0.0,0.0,0.0,0.0,0.0,0.0,0.0,0.0,0.0,0.0,0.0,56.0,-0.7092198581560294,56.333333333333336,0.3055050463272616,0.0,medium
2017-11-01,56.0,0.0,0.0,0.0,0.0,0.0,0.0,0.0,0.0,0.0,0.0,0.0,0.0,0.0,0.0,0.0,0.0,0.0,56.0,0.0,56.13333333333333,0.2309401076716031,0.0,medium
2017-12-01,56.0,0.0,0.0,0.0,0.0,0.0,0.0,0.0,0.0,0.0,0.0,0.0,0.0,0.0,0.0,0.0,0.0,0.0,56.0,0.0,56.0,0.0,0.17857142857142794,high
2018-01-01,56.1,0.0,0.0,0.0,0.0,0.0,0.0,0.0,0.0,0.0,0.0,0.0,0.0,0.0,0.0,0.0,0.0,0.17857142857142794,56.0,0.0,56.0,0.0,0.35650623885916666,high
2018-02-01,56.3,0.0,0.0,0.0,0.0,0.0,0.0,0.0,0.0,0.0,0.0,0.0,0.0,0.0,0.0,0.0,0.0,0.35650623885916666,56.1,0.17857142857142794,56.03333333333333,0.05773502690175737,0.0,medium
2018-03-01,56.3,0.0,0.0,0.0,0.0,0.0,0.0,0.0,0.0,0.0,0.0,0.0,0.0,0.0,0.0,0.0,0.0,0.0,56.3,0.35650623885916666,56.13333333333333,0.15275252315877477,0.1776198934280604,high
2018-04-01,56.4,0.0,0.0,0.0,0.0,0.0,0.0,0.0,0.0,0.0,0.0,0.0,0.0,0.0,0.0,0.0,0.0,0.1776198934280604,56.3,0.0,56.23333333333333,0.11547005382954094,-0.35460992907800915,low
2018-05-01,56.2,0.0,0.0,0.0,0.0,0.0,0.0,0.0,0.0,0.0,0.0,0.0,0.0,0.0,0.0,0.0,0.0,-0.35460992907800915,56.4,0.1776198934280604,56.333333333333336,0.0577350269024204,0.0,medium
2018-06-01,56.2,0.0,0.0,0.0,0.0,0.0,0.0,0.0,0.0,0.0,0.0,0.0,0.0,0.0,0.0,0.0,0.0,0.0,56.2,-0.35460992907800915,56.29999999999999,0.09999999999040295,-0.5338078291814985,low
2018-07-01,55.9,0.0,0.0,0.0,0.0,0.0,0.0,0.0,0.0,0.0,0.0,0.0,0.0,0.0,0.0,0.0,0.0,-0.5338078291814985,56.2,0.0,56.26666666666667,0.1154700538295753,-0.7155635062611743,low
2018-08-01,55.5,0.0,0.0,0.0,0.0,0.0,0.0,0.0,0.0,0.0,0.0,0.0,0.0,0.0,0.0,0.0,0.0,-0.7155635062611743,55.9,-0.5338078291814985,56.1,0.1732050807512015,0.7207207207207134,high
2018-09-01,55.9,0.0,0.0,0.0,0.0,0.0,0.0,0.0,0.0,0.0,0.0,0.0,0.0,0.0,0.0,0.0,0.0,0.7207207207207134,55.5,-0.7155635062611743,55.86666666666667,0.3511884584255341,-0.5366726296958779,low
2018-10-01,55.6,0.0,0.0,0.0,0.0,0.0,0.0,0.0,0.0,0.0,0.0,0.0,0.0,0.0,0.0,0.0,0.0,-0.5366726296958779,55.9,0.7207207207207134,55.76666666666667,0.23094010767139733,0.0,medium
2018-11-01,55.6,0.0,0.0,0.0,0.0,0.0,0.0,0.0,0.0,0.0,0.0,0.0,0.0,0.0,0.0,0.0,0.0,0.0,55.6,-0.5366726296958779,55.666666666666664,0.20816659994161302,0.0,medium
2018-12-01,55.6,0.0,0.0,0.0,0.0,0.0,0.0,0.0,0.0,0.0,0.0,0.0,0.0,0.0,0.0,0.0,0.0,0.0,55.6,0.0,55.699999999999996,0.1732050807509005,-0.8992805755395739,low
2019-01-01,55.1,0.0,0.0,0.0,0.0,0.0,0.0,0.0,0.0,0.0,0.0,0.0,0.0,0.0,0.0,0.0,0.0,-0.8992805755395739,55.6,0.0,55.6,0.0,0.0,medium
2019-02-01,55.1,0.0,0.0,0.0,0.0,0.0,0.0,0.0,0.0,0.0,0.0,0.0,0.0,0.0,0.0,0.0,0.0,0.0,55.1,-0.8992805755395739,55.43333333333334,0.28867513459110833,0.0,medium
2019-03-01,55.1,0.0,0.0,0.0,0.0,0.0,0.0,0.0,0.0,0.0,0.0,0.0,0.0,0.0,0.0,0.0,0.0,0.0,55.1,0.0,55.26666666666667,0.28867513459103805,0.1814882032667997,high
2019-04-01,55.2,0.0,0.0,0.0,0.0,0.0,0.0,0.0,0.0,0.0,0.0,0.0,0.0,0.0,0.0,0.0,0.0,0.1814882032667997,55.1,0.0,55.1,0.0,-0.18115942028985588,medium
2019-05-01,55.1,0.0,0.0,0.0,0.0,0.0,0.0,0.0,0.0,0.0,0.0,0.0,0.0,0.0,0.0,0.0,0.0,-0.18115942028985588,55.2,0.1814882032667997,55.13333333333333,0.05773502689981028,0.3629764065335772,high
2019-06-01,55.3,0.0,0.0,0.0,0.0,0.0,0.0,0.0,0.0,0.0,0.0,0.0,0.0,0.0,0.0,0.0,0.0,0.3629764065335772,55.1,-0.18115942028985588,55.13333333333333,0.05773502689981028,0.1808318264014508,high
2019-07-01,55.4,0.0,0.0,0.0,0.0,0.0,0.0,0.0,0.0,0.0,0.0,0.0,0.0,0.0,0.0,0.0,0.0,0.1808318264014508,55.3,0.3629764065335772,55.199999999999996,0.09999999998902241,0.18050541516245744,high
2019-08-01,55.5,0.0,0.0,0.0,0.0,0.0,0.0,0.0,0.0,0.0,0.0,0.0,0.0,0.0,0.0,0.0,0.0,0.18050541516245744,55.4,0.1808318264014508,55.26666666666667,0.15275252315806287,0.18018018018017834,high
2019-09-01,55.6,0.0,0.0,0.0,0.0,0.0,0.0,0.0,0.0,0.0,0.0,0.0,0.0,0.0,0.0,0.0,0.0,0.18018018018017834,55.5,0.18050541516245744,55.4,0.09999999998928293,-0.17985611510791255,medium
2019-10-01,55.5,0.0,0.0,0.0,0.0,0.0,0.0,0.0,0.0,0.0,0.0,0.0,0.0,0.0,0.0,0.0,0.0,-0.17985611510791255,55.6,0.18018018018017834,55.5,0.09999999998940906,0.0,medium
2019-11-01,55.5,0.0,0.0,0.0,0.0,0.0,0.0,0.0,0.0,0.0,0.0,0.0,0.0,0.0,0.0,0.0,0.0,0.0,55.5,-0.17985611510791255,55.53333333333333,0.05773502690069124,0.18018018018017834,high
2019-12-01,55.6,0.0,0.0,0.0,0.0,0.0,0.0,0.0,0.0,0.0,0.0,0.0,0.0,0.0,0.0,0.0,0.0,0.18018018018017834,55.5,0.0,55.53333333333333,0.05773502690069124,-0.17985611510791255,medium
2020-01-01,55.5,0.0,0.0,0.0,0.0,0.0,0.0,0.0,0.0,0.0,0.0,0.0,0.0,0.0,0.0,0.0,0.0,-0.17985611510791255,55.6,0.18018018018017834,55.53333333333334,0.05773502690069124,-0.18018018018017834,medium
2020-02-01,55.4,0.0,0.0,0.0,0.0,0.0,0.0,0.0,0.0,0.0,0.0,0.0,0.0,0.0,0.0,0.0,0.0,-0.18018018018017834,55.5,-0.17985611510791255,55.53333333333334,0.05773502690069124,0.3610108303249149,high
2020-03-01,55.6,0.0,0.0,0.0,0.0,0.0,0.0,0.0,0.0,0.0,0.0,0.0,0.0,0.0,0.0,0.0,0.0,0.3610108303249149,55.4,-0.18018018018017834,55.5,0.09999999998940906,-1.258992805755399,low
2020-04-01,54.9,0.0,0.0,0.0,0.0,0.0,0.0,0.0,0.0,0.0,0.0,0.0,0.0,0.0,0.0,0.0,0.0,-1.258992805755399,55.6,0.3610108303249149,55.5,0.09999999998940906,0.0,medium
2020-05-01,54.9,0.0,0.0,0.0,0.0,0.0,0.0,0.0,0.0,0.0,0.0,0.0,0.0,0.0,0.0,0.0,0.0,0.0,54.9,-1.258992805755399,55.300000000000004,0.3605551275433904,0.0,medium
2020-06-01,54.9,0.0,0.0,0.0,0.0,0.0,0.0,0.0,0.0,0.0,0.0,0.0,0.0,0.0,0.0,0.0,0.0,0.0,54.9,0.0,55.133333333333326,0.40414518843000163,-0.36429872495445936,low
2020-07-01,54.7,0.0,0.0,0.0,0.0,0.0,0.0,0.0,0.0,0.0,0.0,0.0,0.0,0.0,0.0,0.0,0.0,-0.36429872495445936,54.9,0.0,54.9,0.0,-0.1828153564899515,medium
2020-08-01,54.6,0.0,0.0,0.0,0.0,0.0,0.0,0.0,0.0,0.0,0.0,0.0,0.0,0.0,0.0,0.0,0.0,-0.1828153564899515,54.7,-0.36429872495445936,54.833333333333336,0.11547005382800823,0.1831501831501825,high
2020-09-01,54.7,0.0,0.0,0.0,0.0,0.0,0.0,0.0,0.0,0.0,0.0,0.0,0.0,0.0,0.0,0.0,0.0,0.1831501831501825,54.6,-0.1828153564899515,54.73333333333333,0.15275252315761617,-1.6453382084095192,low
2020-10-01,53.8,0.0,0.0,0.0,0.0,0.0,0.0,0.0,0.0,0.0,0.0,0.0,0.0,0.0,0.0,0.0,0.0,-1.6453382084095192,54.7,0.1831501831501825,54.666666666666664,0.05773502689877092,0.18587360594795044,high
2020-11-01,53.9,0.0,0.0,0.0,0.0,0.0,0.0,0.0,0.0,0.0,0.0,0.0,0.0,0.0,0.0,0.0,0.0,0.18587360594795044,53.8,-1.6453382084095192,54.366666666666674,0.4932882862291877,0.37105751391466324,high
2020-12-01,54.1,0.0,0.0,0.0,0.0,0.0,0.0,0.0,0.0,0.0,0.0,0.0,0.0,0.0,0.0,0.0,0.0,0.37105751391466324,53.9,0.18587360594795044,54.13333333333333,0.4932882862291272,0.0,medium
2021-01-01,54.1,0.0,0.0,0.0,0.0,0.0,0.0,0.0,0.0,0.0,0.0,0.0,0.0,0.0,0.0,0.0,0.0,0.0,54.1,0.37105751391466324,53.93333333333334,0.15275252315695317,0.0,medium
2021-02-01,54.1,0.0,0.0,0.0,0.0,0.0,0.0,0.0,0.0,0.0,0.0,0.0,0.0,0.0,0.0,0.0,0.0,0.0,54.1,0.0,54.03333333333333,0.11547005382713377,0.3696857670979492,high
2021-03-01,54.3,0.0,0.0,0.0,0.0,0.0,0.0,0.0,0.0,0.0,0.0,0.0,0.0,0.0,0.0,0.0,0.0,0.3696857670979492,54.1,0.0,54.1,0.0,-0.18416206261508972,medium
2021-04-01,54.2,0.0,0.0,0.0,0.0,0.0,0.0,0.0,0.0,0.0,0.0,0.0,0.0,0.0,0.0,0.0,0.0,-0.18416206261508972,54.3,0.3696857670979492,54.166666666666664,0.11547005382728351,0.5535055350553542,high
2021-05-01,54.5,0.0,0.0,0.0,0.0,0.0,0.0,0.0,0.0,0.0,0.0,0.0,0.0,0.0,0.0,0.0,0.0,0.5535055350553542,54.2,-0.18416206261508972,54.20000000000001,0.0999999999877566,0.3669724770642313,high
2021-06-01,54.7,0.0,0.0,0.0,0.0,0.0,0.0,0.0,0.0,0.0,0.0,0.0,0.0,0.0,0.0,0.0,0.0,0.3669724770642313,54.5,0.5535055350553542,54.333333333333336,0.1527525231572978,-0.2778793418647174,low
2021-07-01,54.548,0.0,0.0,0.0,0.0,0.0,0.0,0.0,0.0,0.0,0.0,0.0,0.0,0.0,0.0,0.0,0.0,-0.2778793418647174,54.7,0.3669724770642313,54.46666666666667,0.2516611478376378,0.3996480164258909,high
2021-08-01,54.766,0.0,0.0,0.0,0.0,0.0,0.0,0.0,0.0,0.0,0.0,0.0,0.0,0.0,0.0,0.0,0.0,0.3996480164258909,54.548,-0.2778793418647174,54.58266666666666,0.10440945039118588,0.19902859438338805,high
2021-09-01,54.875,0.0,0.0,0.0,0.0,0.0,0.0,0.0,0.0,0.0,0.0,0.0,0.0,0.0,0.0,0.0,0.0,0.19902859438338805,54.766,0.3996480164258909,54.67133333333334,0.11179147253262661,0.1312072892938554,high
2021-10-01,54.947,0.0,0.0,0.0,0.0,0.0,0.0,0.0,0.0,0.0,0.0,0.0,0.0,0.0,0.0,0.0,0.0,0.1312072892938554,54.875,0.19902859438338805,54.72966666666667,0.16650025024313914,0.5532604145813247,high
2021-11-01,55.251,0.0,0.0,0.0,0.0,0.0,0.0,0.0,0.0,0.0,0.0,0.0,0.0,0.0,0.0,0.0,0.0,0.5532604145813247,54.947,0.1312072892938554,54.86266666666666,0.09112811493202053,0.3058768167092163,high
2021-12-01,55.42,0.0,0.0,0.0,0.0,0.0,0.0,0.0,0.0,0.0,0.0,0.0,0.0,0.0,0.0,0.0,0.0,0.3058768167092163,55.251,0.5532604145813247,55.02433333333334,0.19957287724314057,1.6528329123060237,high
2022-01-01,56.336,0.0,0.0,0.0,0.0,0.0,0.0,0.0,0.0,0.0,0.0,0.0,0.0,0.0,0.0,0.0,0.0,1.6528329123060237,55.42,0.3058768167092163,55.205999999999996,0.23968938232183076,0.05325191706901933,medium
2022-02-01,56.366,0.0,0.0,0.0,0.0,0.0,0.0,0.0,0.0,0.0,0.0,0.0,0.0,0.0,0.0,0.0,0.0,0.05325191706901933,56.336,1.6528329123060237,55.669000000000004,0.5837867761417203,0.6386828939431544,high
2022-03-01,56.726,0.0,0.0,0.0,0.0,0.0,0.0,0.0,0.0,0.0,0.0,0.0,0.0,0.0,0.0,0.0,0.0,0.6386828939431544,56.366,0.05325191706901933,56.040666666666674,0.5377223571057567,-0.41956069527200324,low
2022-04-01,56.488,0.0,0.0,0.0,0.0,0.0,0.0,0.0,0.0,0.0,0.0,0.0,0.0,0.0,0.0,0.0,0.0,-0.41956069527200324,56.726,0.6386828939431544,56.476,0.21702534413784622,0.24075909927772088,high
2022-05-01,56.624,0.0,0.0,0.0,0.0,0.0,0.0,0.0,0.0,0.0,0.0,0.0,0.0,0.0,0.0,0.0,0.0,0.24075909927772088,56.488,-0.41956069527200324,56.526666666666664,0.18308832112261197,0.5156823961570911,high
2022-06-01,56.916,0.0,0.0,0.0,0.0,0.0,0.0,0.0,0.0,0.0,0.0,0.0,0.0,0.0,0.0,0.0,0.0,0.5156823961570911,56.624,0.24075909927772088,56.61266666666666,0.11940407585806705,-0.19678122144914934,low
2022-07-01,56.804,0.0,0.0,0.0,0.0,0.0,0.0,0.0,0.0,0.0,0.0,0.0,0.0,0.0,0.0,0.0,0.0,-0.19678122144914934,56.916,0.5156823961570911,56.675999999999995,0.2186869909212724,-0.3027955777762159,low
2022-08-01,56.632,0.0,0.0,0.0,0.0,0.0,0.0,0.0,0.0,0.0,0.0,0.0,0.0,0.0,0.0,0.0,0.0,-0.3027955777762159,56.804,-0.19678122144914934,56.78133333333333,0.14731372417925034,0.33549936431700456,high
2022-09-01,56.822,0.0,0.0,0.0,0.0,0.0,0.0,0.0,0.0,0.0,0.0,0.0,0.0,0.0,0.0,0.0,0.0,0.33549936431700456,56.632,-0.3027955777762159,56.784,0.14305243793178782,0.8641019323501364,high
2022-10-01,57.313,0.0,0.0,0.0,0.0,0.0,0.0,0.0,0.0,0.0,0.0,0.0,0.0,0.0,0.0,0.0,0.0,0.8641019323501364,56.822,0.33549936431700456,56.75266666666667,0.10488724103318725,0.4850557465147398,high
2022-11-01,57.591,0.0,0.0,0.0,0.0,0.0,0.0,0.0,0.0,0.0,0.0,0.0,0.0,0.0,0.0,0.0,0.0,0.4850557465147398,57.313,0.8641019323501364,56.922333333333334,0.3514119140433311,0.027782118733821193,medium
2022-12-01,57.607,0.0,0.0,0.0,0.0,0.0,0.0,0.0,0.0,0.0,0.0,0.0,0.0,0.0,0.0,0.0,0.0,0.027782118733821193,57.591,0.4850557465147398,57.242,0.38938541318126374,-0.6526984567847616,low
2023-01-01,57.231,0.0,0.0,0.0,0.0,0.0,0.0,0.0,0.0,0.0,0.0,0.0,0.0,0.0,0.0,0.0,0.0,-0.6526984567847616,57.607,0.027782118733821193,57.50366666666667,0.16531585928682774,-0.00698921912950512,medium
2023-02-01,57.227,0.0,0.0,0.0,0.0,0.0,0.0,0.0,0.0,0.0,0.0,0.0,0.0,0.0,0.0,0.0,0.0,-0.00698921912950512,57.231,-0.6526984567847616,57.476333333333336,0.21261545882587143,0.11183532248764116,high
2023-03-01,57.291,0.0,0.0,0.0,0.0,0.0,0.0,0.0,0.0,0.0,0.0,0.0,0.0,0.0,0.0,0.0,0.0,0.11183532248764116,57.227,-0.00698921912950512,57.355,0.21824756584753233,-0.26007575360875723,low
2023-04-01,57.142,0.0,0.0,0.0,0.0,0.0,0.0,0.0,0.0,0.0,0.0,0.0,0.0,0.0,0.0,0.0,0.0,-0.26007575360875723,57.291,0.11183532248764116,57.24966666666666,0.03585154573628201,-0.983514752721304,low
2023-05-01,56.58,0.0,0.0,0.0,0.0,0.0,0.0,0.0,0.0,0.0,0.0,0.0,0.0,0.0,0.0,0.0,0.0,-0.983514752721304,57.142,-0.26007575360875723,57.22,0.07474623735238747,0.270413573700945,high
2023-06-01,56.733,0.0,0.0,0.0,0.0,0.0,0.0,0.0,0.0,0.0,0.0,0.0,0.0,0.0,0.0,0.0,0.0,0.270413573700945,56.58,-0.983514752721304,57.00433333333333,0.3749591088793764,0.3278515149912842,high
2023-07-01,56.919,0.0,0.0,0.0,0.0,0.0,0.0,0.0,0.0,0.0,0.0,0.0,0.0,0.0,0.0,0.0,0.0,0.3278515149912842,56.733,0.270413573700945,56.81833333333333,0.29055521563304726,0.361917813032564,high
2023-08-01,57.125,0.0,0.0,0.0,0.0,0.0,0.0,0.0,0.0,0.0,0.0,0.0,0.0,0.0,0.0,0.0,0.0,0.361917813032564,56.919,0.3278515149912842,56.744,0.16976748804824673,0.4148796498905982,high
2023-09-01,57.362,0.0,0.0,0.0,0.0,0.0,0.0,0.0,0.0,0.0,0.0,0.0,0.0,0.0,0.0,0.0,0.0,0.4148796498905982,57.125,0.361917813032564,56.925666666666665,0.19608501557129104,0.02091977267180134,medium
2023-10-01,57.374,0.0,0.0,0.0,0.0,0.0,0.0,0.0,0.0,0.0,0.0,0.0,0.0,0.0,0.0,0.0,0.0,0.02091977267180134,57.362,0.4148796498905982,57.135333333333335,0.22168070130628684,0.37822009969672443,high
2023-11-01,57.591,0.0,0.0,0.0,0.0,0.0,0.0,0.0,0.0,0.0,0.0,0.0,0.0,0.0,0.0,0.0,0.0,0.37822009969672443,57.374,0.02091977267180134,57.287000000000006,0.14042435685574867,-0.0955010331475381,medium
2023-12-01,57.536,0.0,0.0,0.0,0.0,0.0,0.0,0.0,0.0,0.0,0.0,0.0,0.0,0.0,0.0,0.0,0.0,-0.0955010331475381,57.591,0.37822009969672443,57.44233333333333,0.12888884098990602,0.5857202447163479,high
2024-01-01,57.873,1.0,0.3612,0.0,61.0,1.0,0.0,0.0,0.0,0.0,0.0,0.0,0.0,0.0,0.0,0.0,0.0,0.5857202447163479,57.536,-0.0955010331475381,57.50033333333334,0.11281105146099786,0.2954745736353681,high
2024-02-01,58.044,1.0,0.34,0.0,83.0,1.0,0.0,0.0,0.0,0.0,0.0,0.0,0.0,0.0,0.0,0.0,0.0,0.2954745736353681,57.873,0.5857202447163479,57.666666666666664,0.18079362082710854,0.08614154779134076,medium
2024-03-01,58.094,0.0,0.0,0.0,0.0,0.0,0.0,0.0,0.0,0.0,0.0,0.0,0.0,0.0,0.0,0.0,0.0,0.08614154779134076,58.044,0.2954745736353681,57.81766666666667,0.2584808181119268,0.2599235721416848,high
2024-04-01,58.245,1.0,0.0,0.0,47.0,1.0,0.0,0.0,0.0,0.0,0.0,0.0,0.0,0.0,0.0,0.0,0.0,0.2599235721416848,58.094,0.08614154779134076,58.00366666666667,0.115889315002955,-0.08584427847883047,medium
2024-05-01,58.195,2.0,0.015550000000000008,0.5,79.5,1.0,0.0,0.0,0.0,0.0,0.0,0.0,0.0,0.0,0.0,0.0,0.0,-0.08584427847883047,58.245,0.2599235721416848,58.12766666666667,0.10464384039149792,-0.24572557779878323,low
2024-06-01,58.052,1.0,0.3612,0.0,73.0,1.0,0.0,0.0,0.0,0.0,0.0,0.0,0.0,0.0,0.0,0.0,0.0,-0.24572557779878323,58.195,-0.08584427847883047,58.178,0.07692203844516239,-1.0318335285605995,low
2024-07-01,57.453,3.0,0.36106666666666665,0.0,83.0,1.0,1.0,0.0,0.0,1.0,0.0,0.0,0.0,0.0,0.0,0.0,0.0,-1.0318335285605995,58.052,-0.24572557779878323,58.163999999999994,0.10016486409193505,0.053957147581495946,medium
2024-08-01,57.484,2.0,0.21985,0.0,90.0,1.0,0.0,0.0,0.0,0.0,0.0,0.0,0.0,0.0,0.0,0.0,0.0,0.053957147581495946,57.453,-1.0318335285605995,57.9,0.3936610216906107,0.08524111056988914,medium
2024-09-01,57.533,1.0,-0.6705,1.0,105.0,1.0,0.0,0.0,0.0,0.0,0.0,0.0,0.0,0.0,0.0,0.0,0.0,0.08524111056988914,57.484,0.053957147581495946,57.663000000000004,0.33724027042813726,0.7978030000173719,high
2024-10-01,57.992,2.0,-0.09895000000000001,0.5,78.0,1.0,0.0,0.0,0.0,0.0,0.0,0.0,0.0,0.0,0.0,0.0,0.0,0.7978030000173719,57.533,0.08524111056988914,57.49000000000001,0.040336088040429555,1.6088425989791766,high
2024-11-01,58.925,1.0,0.4215,0.0,68.0,1.0,0.0,0.0,0.0,1.0,0.0,0.0,0.0,0.0,0.0,0.0,0.0,1.6088425989791766,57.992,0.7978030000173719,57.66966666666667,0.2802219358504502,-0.18328383538396276,medium
2024-12-01,58.817,1.0,-0.1027,1.0,79.0,1.0,0.0,0.0,0.0,0.0,0.0,0.0,0.0,0.0,0.0,0.0,0.0,-0.18328383538396276,58.925,1.6088425989791766,58.15,0.7093229165891454,-0.9453049288471016,low
2025-01-01,58.261,1.0,0.0,0.0,134.0,1.0,0.0,0.0,0.0,0.0,0.0,0.0,0.0,0.0,0.0,0.0,0.0,-0.9453049288471016,58.817,-0.18328383538396276,58.577999999999996,0.5103557582692856,-0.34671564168140545,low
2025-02-01,58.059,11.0,-0.07428181818181817,0.18181818181818182,83.0909090909091,1.0,1.0,0.0,0.0,5.0,0.0,0.0,0.0,0.0,0.0,0.0,0.0,-0.34671564168140545,58.261,-0.9453049288471016,58.66766666666667,0.3562994994831816,0.6114469763516484,high
2025-03-01,58.414,6.0,-0.04653333333333332,0.5,83.16666666666667,1.0,0.0,0.0,0.0,2.0,0.0,0.0,0.0,0.0,0.0,0.0,0.0,0.6114469763516484,58.059,-0.34671564168140545,58.379,0.39253534872489754,-0.17461567432465186,medium
2025-04-01,58.312,25.0,-0.029444000000000005,0.36,81.76,1.0,0.0,0.0,0.0,17.0,0.0,0.0,0.0,0.0,0.0,1.0,0.0,-0.17461567432465186,58.414,0.6114469763516484,58.24466666666667,0.17806272302726325,0.010289477294556093,medium
2025-05-01,58.318,6.0,-0.20976666666666666,0.5,86.16666666666667,1.0,0.0,0.0,0.0,4.0,0.0,0.0,0.0,0.0,0.0,0.0,0.0,0.010289477294556093,58.312,-0.17461567432465186,58.26166666666666,0.18277399522877272,-1.2380397132960685,low
2025-06-01,57.596,5.0,0.12704,0.2,80.8,1.0,0.0,0.0,0.0,2.0,0.0,0.0,0.0,0.0,1.0,0.0,0.0,-1.2380397132960685,58.318,0.010289477294556093,58.348000000000006,0.05723635207255045,-0.052086950482665983,medium
2025-07-01,57.566,7.0,-0.1809285714285714,0.42857142857142855,75.71428571428571,1.0,0.0,0.0,0.0,2.0,0.0,0.0,0.0,0.0,0.0,0.0,0.0,-0.052086950482665983,57.596,-1.2380397132960685,58.07533333333333,0.41512568377762954,3.5785011986241733,high
2025-08-01,59.626,12.0,-0.040516666666666666,0.4166666666666667,95.41666666666667,1.0,0.0,0.0,0.0,4.0,0.0,0.0,0.0,0.0,0.0,0.0,0.0,3.5785011986241733,57.566,-0.052086950482665983,57.826666666666675,0.4257714566898368,0.21467145205111837,high
2025-09-01,59.754,1.0,-0.296,1.0,122.0,1.0,0.0,0.0,0.0,1.0,0.0,0.0,0.0,0.0,0.0,0.0,0.0,0.21467145205111837,59.626,3.5785011986241733,58.26266666666666,1.180776580616283,0.6024701275228361,high
2025-10-01,60.114,11.0,-0.12612727272727273,0.36363636363636365,94.45454545454545,1.0,0.0,0.0,0.0,1.0,0.0,0.0,0.0,0.0,0.0,0.0,0.0,0.6024701275228361,59.754,0.21467145205111837,58.982,1.2279609114294732,1.2359849619057117,high
2025-11-01,60.857,9.0,0.008255555555555547,0.4444444444444444,92.11111111111111,1.0,0.0,0.0,0.0,2.0,0.0,0.0,0.0,0.0,1.0,0.0,0.0,1.2359849619057117,60.114,0.6024701275228361,59.83133333333333,0.25302437300035496,0.9842746109732792,high
2025-12-01,61.456,4.0,-0.21965,0.5,109.5,1.0,0.0,0.0,0.0,0.0,0.0,0.0,0.0,0.0,1.0,0.0,0.0,0.9842746109732792,60.857,1.2359849619057117,60.24166666666667,0.5624734067778734,0.768029159073147,high
2026-01-01,61.928,2.0,0.08974999999999998,0.5,142.0,1.0,0.0,0.0,0.0,0.0,0.0,0.0,0.0,0.0,0.0,0.0,0.0,0.768029159073147,61.456,0.9842746109732792,60.809,0.6722863973033311,9.163867717349184,high
2026-02-01,67.603,4.0,-0.18485000000000001,0.75,92.75,1.0,0.0,0.0,0.0,2.0,0.0,0.0,0.0,0.0,0.0,0.0,0.0,9.163867717349184,61.928,0.768029159073147,61.413666666666664,0.536753512641083,1.8830525272547138,high
